acq_date,region,frp_mw,event_count,avg_brightness_k,avg_temp_max_c,avg_wind_max_kmh,avg_precip_mm,avg_humidity_pct,day_of_week,month,is_weekend,frp_lag_1,frp_lag_3,frp_lag_7,frp_rolling_3_mean,frp_rolling_7_mean,frp_rolling_14_mean
2024-01-15,Australia,304.02,3.0,345.6266666666667,39.9,23.96666666666667,1.7000000000000002,18.400000000000002,0,1,0,150.04,46.26,147.99,113.51333333333332,224.17142857142855,393.22142857142853
2024-01-16,Australia,102.03,5.0,337.022,40.1,35.56,0.932,22.54,1,1,0,304.02,144.23999999999998,449.29,199.4333333333333,246.46142857142857,408.40642857142853
2024-01-17,Australia,226.09,4.0,334.33,43.775,14.75,0.96,16.299999999999997,2,1,0,102.03,150.04,101.34,185.36333333333332,196.85285714285715,369.88357142857143
2024-01-18,Australia,38.39,1.0,327.9,35.7,4.6,1.74,31.9,3,1,0,226.09,304.02,530.04,210.71333333333334,214.67428571428567,379.88499999999993
2024-01-19,Australia,208.71,1.0,333.86,38.2,2.0,0.58,18.0,4,1,0,38.39,102.03,46.26,122.17,144.4385714285714,372.505
2024-01-20,Australia,1141.01,5.0,338.82399999999996,42.08,20.2,1.3599999999999999,14.419999999999998,5,1,1,208.71,226.09,144.23999999999998,157.73000000000002,167.6457142857143,321.24642857142857
2024-01-21,Australia,235.06,2.0,328.735,39.45,7.699999999999999,2.0,18.15,6,1,1,1141.01,38.39,150.04,462.7033333333334,310.0414285714286,357.5292857142857
2024-01-22,Australia,476.95000000000005,5.0,343.598,39.8,15.779999999999998,1.464,25.839999999999996,0,1,0,235.06,208.71,304.02,528.2599999999999,322.1871428571429,273.17928571428575
2024-01-23,Australia,280.46000000000004,3.0,336.37666666666667,36.6,15.933333333333332,1.9766666666666666,24.3,1,1,0,476.95000000000005,1141.01,102.03,617.6733333333333,346.8914285714286,296.6764285714286
2024-01-24,Australia,547.26,4.0,353.4225,42.375,15.75,2.235,33.5,2,1,0,280.46000000000004,235.06,226.09,330.8233333333333,372.38142857142856,284.6171428571429
2024-01-25,Australia,58.2,1.0,339.54,30.5,3.5,1.22,5.0,3,1,0,547.26,476.95000000000005,38.39,434.89000000000004,418.2628571428572,316.4685714285714
2024-01-26,Australia,251.93,4.0,322.5125,36.275,8.075,1.1400000000000001,23.875,4,1,0,58.2,280.46000000000004,208.71,295.3066666666667,421.0928571428571,282.7657142857143
2024-01-27,Australia,307.74999999999994,6.0,333.42,40.449999999999996,21.416666666666668,1.0933333333333335,21.75,5,1,1,251.93,547.26,1141.01,285.7966666666667,427.26714285714286,297.4564285714286
2024-01-28,Australia,111.46000000000001,2.0,332.435,35.65,3.3,0.755,9.9,6,1,1,307.74999999999994,58.2,235.06,205.95999999999995,308.23,309.13571428571424
2024-01-29,Australia,62.32,1.0,350.98,43.8,18.9,0.86,24.6,0,1,0,111.46000000000001,251.93,476.95000000000005,223.71333333333328,290.5728571428571,306.38
2024-01-30,Australia,233.42,3.0,323.5733333333333,41.46666666666667,8.866666666666667,2.18,28.7,1,1,0,62.32,307.74999999999994,280.46000000000004,160.51,231.33999999999997,289.11571428571426
2024-01-31,Australia,440.09000000000003,3.0,344.52666666666664,41.333333333333336,17.5,1.9033333333333333,26.5,2,1,0,233.42,111.46000000000001,547.26,135.73333333333332,224.61999999999998,298.5007142857143
2024-02-01,Australia,898.69,4.0,352.22749999999996,36.0,3.05,1.2125,16.0,3,2,0,440.09000000000003,62.32,58.2,245.27666666666667,209.31,313.7864285714286
2024-02-02,Australia,441.71999999999997,6.0,331.4316666666667,39.233333333333334,9.566666666666666,0.6766666666666666,16.95,4,2,0,898.69,233.42,251.93,524.0666666666667,329.38,375.2364285714285
2024-02-03,Australia,302.46,4.0,329.3075,35.775,13.975000000000001,4.0425,27.0,5,2,1,441.71999999999997,440.09000000000003,307.74999999999994,593.5000000000001,356.4928571428572,391.88
2024-02-04,Australia,564.51,7.0,345.55,35.15714285714286,10.085714285714285,2.052857142857143,25.82857142857143,6,2,1,302.46,898.69,111.46000000000001,547.6233333333333,355.7371428571428,331.9835714285714
2024-02-05,Australia,18.58,3.0,339.98,35.199999999999996,15.533333333333331,1.57,18.833333333333332,0,2,0,564.51,441.71999999999997,62.32,436.23,420.4585714285714,355.5157142857143
2024-02-06,Australia,180.35,4.0,329.2775,40.75,19.225,0.83,21.025,1,2,0,18.58,302.46,233.42,295.18333333333334,414.21,322.77500000000003
2024-02-07,Australia,91.95,2.0,369.21,41.5,3.45,0.35,5.0,2,2,0,180.35,564.51,440.09000000000003,254.48000000000002,406.62857142857143,315.6242857142857
2024-02-08,Australia,256.36,4.0,340.1175,40.7,17.475,1.6425,15.65,3,2,0,91.95,18.58,898.69,96.96,356.89428571428573,283.10214285714284
2024-02-09,Australia,171.5,2.0,349.01,38.55,27.099999999999998,4.825,22.8,4,2,0,256.36,180.35,441.71999999999997,176.22000000000003,265.1328571428572,297.25642857142856
2024-02-10,Australia,1108.27,7.0,350.3071428571429,39.18571428571429,19.414285714285715,2.012857142857143,24.928571428571427,5,2,1,171.5,91.95,302.46,173.26999999999998,226.53,291.51142857142855
2024-02-11,Australia,379.38,6.0,342.195,36.266666666666666,17.5,1.5766666666666664,17.433333333333334,6,2,1,1108.27,256.36,564.51,512.0433333333333,341.6457142857143,348.6914285714286
2024-02-12,Australia,58.66,1.0,330.46,39.6,1.2,0.62,8.7,0,2,0,379.38,171.5,18.58,553.0500000000001,315.1985714285714,367.82857142857137
2024-02-13,Australia,30.42,1.0,342.18,43.0,31.0,3.63,31.8,1,2,0,58.66,1108.27,180.35,515.4366666666666,320.92428571428576,367.56714285714287
2024-02-14,Australia,0.0,0.0,342.18,43.0,31.0,3.63,31.8,2,2,0,30.42,379.38,91.95,156.15333333333334,299.5057142857143,353.0671428571428
2024-02-15,Australia,267.93,5.0,331.312,38.54,22.580000000000002,0.384,22.419999999999998,3,2,0,0.0,58.66,256.36,29.69333333333333,286.37,321.6321428571428
2024-02-16,Australia,62.27,2.0,342.025,33.2,21.1,0.865,13.25,4,2,0,267.93,30.42,171.5,99.45,288.0228571428571,276.5778571428571
2024-02-17,Australia,504.91999999999996,4.0,346.22,40.45,19.575,2.8449999999999998,21.9,5,2,1,62.27,0.0,1108.27,110.06666666666666,272.41857142857145,249.4742857142857
2024-02-18,Australia,664.25,8.0,340.48625,33.6875,33.5625,1.58625,20.8375,6,2,1,504.91999999999996,267.93,379.38,278.3733333333333,186.22571428571428,263.93571428571425
2024-02-19,Australia,399.34,1.0,343.97,29.4,9.9,2.94,5.0,0,2,0,664.25,62.27,58.66,410.47999999999996,226.92142857142855,271.06
2024-02-20,Australia,543.35,5.0,335.29200000000003,39.04,23.8,1.746,16.46,1,2,0,399.34,504.91999999999996,30.42,522.8366666666666,275.59,298.2571428571428
2024-02-21,Australia,471.87,3.0,340.8566666666666,34.5,12.533333333333331,1.0866666666666667,13.233333333333334,2,2,0,543.35,664.25,0.0,535.6466666666666,348.86571428571426,324.1857142857143
2024-02-22,Australia,1697.52,8.0,349.67375,34.575,31.6375,1.14375,13.2625,3,2,0,471.87,399.34,267.93,471.52,416.2757142857143,351.3228571428572
2024-02-23,Australia,185.13,2.0,342.255,35.900000000000006,8.05,2.4549999999999996,5.1,4,2,0,1697.52,543.35,62.27,904.2466666666666,620.5028571428572,454.2628571428571
2024-02-24,Australia,630.5400000000001,6.0,329.74499999999995,40.21666666666667,24.083333333333332,2.271666666666667,23.400000000000002,5,2,1,185.13,471.87,504.91999999999996,784.8399999999998,638.0542857142856,455.2364285714286
2024-02-25,Australia,60.37,1.0,341.67,34.0,1.6,1.08,17.1,6,2,1,630.5400000000001,1697.52,664.25,837.7299999999999,656.0,421.11285714285714
2024-02-26,Australia,212.69,3.0,341.69000000000005,34.9,11.633333333333333,1.1199999999999999,24.566666666666663,0,2,0,60.37,185.13,399.34,292.01333333333326,569.7314285714285,398.32642857142855
2024-02-27,Australia,638.14,8.0,327.20875,39.5875,27.55,1.41125,13.8125,1,2,0,212.69,630.5400000000001,543.35,301.2,543.0671428571428,409.3285714285715
2024-02-28,Australia,88.82,4.0,338.7975,36.25,22.724999999999998,2.14,14.675,2,2,0,638.14,60.37,471.87,303.73333333333323,556.6085714285715,452.7371428571428
2024-02-29,Australia,255.45999999999998,3.0,354.3,39.96666666666667,4.566666666666666,4.46,8.866666666666667,3,2,0,88.82,212.69,1697.52,313.2166666666665,501.88714285714286,459.0814285714286
2024-03-01,Australia,0.0,0.0,354.3,39.96666666666667,4.566666666666666,4.46,8.866666666666667,4,3,0,255.45999999999998,638.14,185.13,327.4733333333332,295.87857142857143,458.1907142857143
2024-03-02,Australia,0.0,0.0,354.3,39.96666666666667,4.566666666666666,4.46,8.866666666666667,5,3,1,0.0,88.82,630.5400000000001,114.75999999999992,269.43142857142857,453.74285714285713
2024-03-03,Australia,0.0,0.0,354.3,39.96666666666667,4.566666666666666,4.46,8.866666666666667,6,3,1,0.0,255.45999999999998,60.37,85.15333333333325,179.3542857142857,417.6771428571428
2024-03-04,Australia,0.0,0.0,354.3,39.96666666666667,4.566666666666666,4.46,8.866666666666667,0,3,0,0.0,0.0,212.69,0.0,170.73000000000002,370.23071428571427
2024-03-05,Australia,0.0,0.0,354.3,39.96666666666667,4.566666666666666,4.46,8.866666666666667,1,3,0,0.0,0.0,638.14,0.0,140.3457142857143,341.70642857142855
2024-03-06,Australia,0.0,0.0,354.3,39.96666666666667,4.566666666666666,4.46,8.866666666666667,2,3,0,0.0,0.0,88.82,0.0,49.18285714285714,302.89571428571423
2024-03-07,Australia,0.0,0.0,354.3,39.96666666666667,4.566666666666666,4.46,8.866666666666667,3,3,0,0.0,0.0,255.45999999999998,0.0,36.49428571428571,269.1907142857143
2024-03-08,Australia,0.0,0.0,354.3,39.96666666666667,4.566666666666666,4.46,8.866666666666667,4,3,0,0.0,0.0,0.0,0.0,0.0,147.93928571428572
2024-03-09,Australia,0.0,0.0,354.3,39.96666666666667,4.566666666666666,4.46,8.866666666666667,5,3,1,0.0,0.0,0.0,0.0,0.0,134.71571428571428
2024-03-10,Australia,0.0,0.0,354.3,39.96666666666667,4.566666666666666,4.46,8.866666666666667,6,3,1,0.0,0.0,0.0,0.0,0.0,89.67714285714285
2024-03-11,Australia,0.0,0.0,354.3,39.96666666666667,4.566666666666666,4.46,8.866666666666667,0,3,0,0.0,0.0,0.0,0.0,0.0,85.36500000000001
2024-03-12,Australia,0.0,0.0,354.3,39.96666666666667,4.566666666666666,4.46,8.866666666666667,1,3,0,0.0,0.0,0.0,0.0,0.0,70.17285714285715
2024-03-13,Australia,0.0,0.0,354.3,39.96666666666667,4.566666666666666,4.46,8.866666666666667,2,3,0,0.0,0.0,0.0,0.0,0.0,24.59142857142857
2024-03-14,Australia,0.0,0.0,354.3,39.96666666666667,4.566666666666666,4.46,8.866666666666667,3,3,0,0.0,0.0,0.0,0.0,0.0,18.247142857142855
2024-03-15,Australia,0.0,0.0,354.3,39.96666666666667,4.566666666666666,4.46,8.866666666666667,4,3,0,0.0,0.0,0.0,0.0,0.0,0.0
2024-03-16,Australia,0.0,0.0,354.3,39.96666666666667,4.566666666666666,4.46,8.866666666666667,5,3,1,0.0,0.0,0.0,0.0,0.0,0.0
2024-03-17,Australia,0.0,0.0,354.3,39.96666666666667,4.566666666666666,4.46,8.866666666666667,6,3,1,0.0,0.0,0.0,0.0,0.0,0.0
2024-03-18,Australia,0.0,0.0,354.3,39.96666666666667,4.566666666666666,4.46,8.866666666666667,0,3,0,0.0,0.0,0.0,0.0,0.0,0.0
2024-03-19,Australia,0.0,0.0,354.3,39.96666666666667,4.566666666666666,4.46,8.866666666666667,1,3,0,0.0,0.0,0.0,0.0,0.0,0.0
2024-03-20,Australia,0.0,0.0,354.3,39.96666666666667,4.566666666666666,4.46,8.866666666666667,2,3,0,0.0,0.0,0.0,0.0,0.0,0.0
2024-03-21,Australia,0.0,0.0,354.3,39.96666666666667,4.566666666666666,4.46,8.866666666666667,3,3,0,0.0,0.0,0.0,0.0,0.0,0.0
2024-03-22,Australia,0.0,0.0,354.3,39.96666666666667,4.566666666666666,4.46,8.866666666666667,4,3,0,0.0,0.0,0.0,0.0,0.0,0.0
2024-03-23,Australia,0.0,0.0,354.3,39.96666666666667,4.566666666666666,4.46,8.866666666666667,5,3,1,0.0,0.0,0.0,0.0,0.0,0.0
2024-03-24,Australia,0.0,0.0,354.3,39.96666666666667,4.566666666666666,4.46,8.866666666666667,6,3,1,0.0,0.0,0.0,0.0,0.0,0.0
2024-03-25,Australia,0.0,0.0,354.3,39.96666666666667,4.566666666666666,4.46,8.866666666666667,0,3,0,0.0,0.0,0.0,0.0,0.0,0.0
2024-03-26,Australia,0.0,0.0,354.3,39.96666666666667,4.566666666666666,4.46,8.866666666666667,1,3,0,0.0,0.0,0.0,0.0,0.0,0.0
2024-03-27,Australia,0.0,0.0,354.3,39.96666666666667,4.566666666666666,4.46,8.866666666666667,2,3,0,0.0,0.0,0.0,0.0,0.0,0.0
2024-03-28,Australia,0.0,0.0,354.3,39.96666666666667,4.566666666666666,4.46,8.866666666666667,3,3,0,0.0,0.0,0.0,0.0,0.0,0.0
2024-03-29,Australia,0.0,0.0,354.3,39.96666666666667,4.566666666666666,4.46,8.866666666666667,4,3,0,0.0,0.0,0.0,0.0,0.0,0.0
2024-03-30,Australia,0.0,0.0,354.3,39.96666666666667,4.566666666666666,4.46,8.866666666666667,5,3,1,0.0,0.0,0.0,0.0,0.0,0.0
2024-03-31,Australia,0.0,0.0,354.3,39.96666666666667,4.566666666666666,4.46,8.866666666666667,6,3,1,0.0,0.0,0.0,0.0,0.0,0.0
2024-04-01,Australia,0.0,0.0,354.3,39.96666666666667,4.566666666666666,4.46,8.866666666666667,0,4,0,0.0,0.0,0.0,0.0,0.0,0.0
2024-04-02,Australia,0.0,0.0,354.3,39.96666666666667,4.566666666666666,4.46,8.866666666666667,1,4,0,0.0,0.0,0.0,0.0,0.0,0.0
2024-04-03,Australia,0.0,0.0,354.3,39.96666666666667,4.566666666666666,4.46,8.866666666666667,2,4,0,0.0,0.0,0.0,0.0,0.0,0.0
2024-04-04,Australia,0.0,0.0,354.3,39.96666666666667,4.566666666666666,4.46,8.866666666666667,3,4,0,0.0,0.0,0.0,0.0,0.0,0.0
2024-04-05,Australia,0.0,0.0,354.3,39.96666666666667,4.566666666666666,4.46,8.866666666666667,4,4,0,0.0,0.0,0.0,0.0,0.0,0.0
2024-04-06,Australia,0.0,0.0,354.3,39.96666666666667,4.566666666666666,4.46,8.866666666666667,5,4,1,0.0,0.0,0.0,0.0,0.0,0.0
2024-04-07,Australia,0.0,0.0,354.3,39.96666666666667,4.566666666666666,4.46,8.866666666666667,6,4,1,0.0,0.0,0.0,0.0,0.0,0.0
2024-04-08,Australia,0.0,0.0,354.3,39.96666666666667,4.566666666666666,4.46,8.866666666666667,0,4,0,0.0,0.0,0.0,0.0,0.0,0.0
2024-04-09,Australia,0.0,0.0,354.3,39.96666666666667,4.566666666666666,4.46,8.866666666666667,1,4,0,0.0,0.0,0.0,0.0,0.0,0.0
2024-04-10,Australia,0.0,0.0,354.3,39.96666666666667,4.566666666666666,4.46,8.866666666666667,2,4,0,0.0,0.0,0.0,0.0,0.0,0.0
2024-04-11,Australia,0.0,0.0,354.3,39.96666666666667,4.566666666666666,4.46,8.866666666666667,3,4,0,0.0,0.0,0.0,0.0,0.0,0.0
2024-04-12,Australia,0.0,0.0,354.3,39.96666666666667,4.566666666666666,4.46,8.866666666666667,4,4,0,0.0,0.0,0.0,0.0,0.0,0.0
2024-04-13,Australia,0.0,0.0,354.3,39.96666666666667,4.566666666666666,4.46,8.866666666666667,5,4,1,0.0,0.0,0.0,0.0,0.0,0.0
2024-04-14,Australia,0.0,0.0,354.3,39.96666666666667,4.566666666666666,4.46,8.866666666666667,6,4,1,0.0,0.0,0.0,0.0,0.0,0.0
2024-04-15,Australia,0.0,0.0,354.3,39.96666666666667,4.566666666666666,4.46,8.866666666666667,0,4,0,0.0,0.0,0.0,0.0,0.0,0.0
2024-04-16,Australia,0.0,0.0,354.3,39.96666666666667,4.566666666666666,4.46,8.866666666666667,1,4,0,0.0,0.0,0.0,0.0,0.0,0.0
2024-04-17,Australia,0.0,0.0,354.3,39.96666666666667,4.566666666666666,4.46,8.866666666666667,2,4,0,0.0,0.0,0.0,0.0,0.0,0.0
2024-04-18,Australia,0.0,0.0,354.3,39.96666666666667,4.566666666666666,4.46,8.866666666666667,3,4,0,0.0,0.0,0.0,0.0,0.0,0.0
2024-04-19,Australia,0.0,0.0,354.3,39.96666666666667,4.566666666666666,4.46,8.866666666666667,4,4,0,0.0,0.0,0.0,0.0,0.0,0.0
2024-04-20,Australia,0.0,0.0,354.3,39.96666666666667,4.566666666666666,4.46,8.866666666666667,5,4,1,0.0,0.0,0.0,0.0,0.0,0.0
2024-04-21,Australia,0.0,0.0,354.3,39.96666666666667,4.566666666666666,4.46,8.866666666666667,6,4,1,0.0,0.0,0.0,0.0,0.0,0.0
2024-04-22,Australia,0.0,0.0,354.3,39.96666666666667,4.566666666666666,4.46,8.866666666666667,0,4,0,0.0,0.0,0.0,0.0,0.0,0.0
2024-04-23,Australia,0.0,0.0,354.3,39.96666666666667,4.566666666666666,4.46,8.866666666666667,1,4,0,0.0,0.0,0.0,0.0,0.0,0.0
2024-04-24,Australia,0.0,0.0,354.3,39.96666666666667,4.566666666666666,4.46,8.866666666666667,2,4,0,0.0,0.0,0.0,0.0,0.0,0.0
2024-04-25,Australia,0.0,0.0,354.3,39.96666666666667,4.566666666666666,4.46,8.866666666666667,3,4,0,0.0,0.0,0.0,0.0,0.0,0.0
2024-04-26,Australia,0.0,0.0,354.3,39.96666666666667,4.566666666666666,4.46,8.866666666666667,4,4,0,0.0,0.0,0.0,0.0,0.0,0.0
2024-04-27,Australia,0.0,0.0,354.3,39.96666666666667,4.566666666666666,4.46,8.866666666666667,5,4,1,0.0,0.0,0.0,0.0,0.0,0.0
2024-04-28,Australia,0.0,0.0,354.3,39.96666666666667,4.566666666666666,4.46,8.866666666666667,6,4,1,0.0,0.0,0.0,0.0,0.0,0.0
2024-04-29,Australia,0.0,0.0,354.3,39.96666666666667,4.566666666666666,4.46,8.866666666666667,0,4,0,0.0,0.0,0.0,0.0,0.0,0.0
2024-04-30,Australia,0.0,0.0,354.3,39.96666666666667,4.566666666666666,4.46,8.866666666666667,1,4,0,0.0,0.0,0.0,0.0,0.0,0.0
2024-05-01,Australia,0.0,0.0,354.3,39.96666666666667,4.566666666666666,4.46,8.866666666666667,2,5,0,0.0,0.0,0.0,0.0,0.0,0.0
2024-05-02,Australia,0.0,0.0,354.3,39.96666666666667,4.566666666666666,4.46,8.866666666666667,3,5,0,0.0,0.0,0.0,0.0,0.0,0.0
2024-05-03,Australia,0.0,0.0,354.3,39.96666666666667,4.566666666666666,4.46,8.866666666666667,4,5,0,0.0,0.0,0.0,0.0,0.0,0.0
2024-05-04,Australia,0.0,0.0,354.3,39.96666666666667,4.566666666666666,4.46,8.866666666666667,5,5,1,0.0,0.0,0.0,0.0,0.0,0.0
2024-05-05,Australia,0.0,0.0,354.3,39.96666666666667,4.566666666666666,4.46,8.866666666666667,6,5,1,0.0,0.0,0.0,0.0,0.0,0.0
2024-05-06,Australia,0.0,0.0,354.3,39.96666666666667,4.566666666666666,4.46,8.866666666666667,0,5,0,0.0,0.0,0.0,0.0,0.0,0.0
2024-05-07,Australia,0.0,0.0,354.3,39.96666666666667,4.566666666666666,4.46,8.866666666666667,1,5,0,0.0,0.0,0.0,0.0,0.0,0.0
2024-05-08,Australia,0.0,0.0,354.3,39.96666666666667,4.566666666666666,4.46,8.866666666666667,2,5,0,0.0,0.0,0.0,0.0,0.0,0.0
2024-05-09,Australia,0.0,0.0,354.3,39.96666666666667,4.566666666666666,4.46,8.866666666666667,3,5,0,0.0,0.0,0.0,0.0,0.0,0.0
2024-05-10,Australia,0.0,0.0,354.3,39.96666666666667,4.566666666666666,4.46,8.866666666666667,4,5,0,0.0,0.0,0.0,0.0,0.0,0.0
2024-05-11,Australia,0.0,0.0,354.3,39.96666666666667,4.566666666666666,4.46,8.866666666666667,5,5,1,0.0,0.0,0.0,0.0,0.0,0.0
2024-05-12,Australia,0.0,0.0,354.3,39.96666666666667,4.566666666666666,4.46,8.866666666666667,6,5,1,0.0,0.0,0.0,0.0,0.0,0.0
2024-05-13,Australia,0.0,0.0,354.3,39.96666666666667,4.566666666666666,4.46,8.866666666666667,0,5,0,0.0,0.0,0.0,0.0,0.0,0.0
2024-05-14,Australia,0.0,0.0,354.3,39.96666666666667,4.566666666666666,4.46,8.866666666666667,1,5,0,0.0,0.0,0.0,0.0,0.0,0.0
2024-05-15,Australia,0.0,0.0,354.3,39.96666666666667,4.566666666666666,4.46,8.866666666666667,2,5,0,0.0,0.0,0.0,0.0,0.0,0.0
2024-05-16,Australia,0.0,0.0,354.3,39.96666666666667,4.566666666666666,4.46,8.866666666666667,3,5,0,0.0,0.0,0.0,0.0,0.0,0.0
2024-05-17,Australia,0.0,0.0,354.3,39.96666666666667,4.566666666666666,4.46,8.866666666666667,4,5,0,0.0,0.0,0.0,0.0,0.0,0.0
2024-05-18,Australia,0.0,0.0,354.3,39.96666666666667,4.566666666666666,4.46,8.866666666666667,5,5,1,0.0,0.0,0.0,0.0,0.0,0.0
2024-05-19,Australia,0.0,0.0,354.3,39.96666666666667,4.566666666666666,4.46,8.866666666666667,6,5,1,0.0,0.0,0.0,0.0,0.0,0.0
2024-05-20,Australia,0.0,0.0,354.3,39.96666666666667,4.566666666666666,4.46,8.866666666666667,0,5,0,0.0,0.0,0.0,0.0,0.0,0.0
2024-05-21,Australia,0.0,0.0,354.3,39.96666666666667,4.566666666666666,4.46,8.866666666666667,1,5,0,0.0,0.0,0.0,0.0,0.0,0.0
2024-05-22,Australia,0.0,0.0,354.3,39.96666666666667,4.566666666666666,4.46,8.866666666666667,2,5,0,0.0,0.0,0.0,0.0,0.0,0.0
2024-05-23,Australia,0.0,0.0,354.3,39.96666666666667,4.566666666666666,4.46,8.866666666666667,3,5,0,0.0,0.0,0.0,0.0,0.0,0.0
2024-05-24,Australia,0.0,0.0,354.3,39.96666666666667,4.566666666666666,4.46,8.866666666666667,4,5,0,0.0,0.0,0.0,0.0,0.0,0.0
2024-05-25,Australia,0.0,0.0,354.3,39.96666666666667,4.566666666666666,4.46,8.866666666666667,5,5,1,0.0,0.0,0.0,0.0,0.0,0.0
2024-05-26,Australia,0.0,0.0,354.3,39.96666666666667,4.566666666666666,4.46,8.866666666666667,6,5,1,0.0,0.0,0.0,0.0,0.0,0.0
2024-05-27,Australia,0.0,0.0,354.3,39.96666666666667,4.566666666666666,4.46,8.866666666666667,0,5,0,0.0,0.0,0.0,0.0,0.0,0.0
2024-05-28,Australia,0.0,0.0,354.3,39.96666666666667,4.566666666666666,4.46,8.866666666666667,1,5,0,0.0,0.0,0.0,0.0,0.0,0.0
2024-05-29,Australia,0.0,0.0,354.3,39.96666666666667,4.566666666666666,4.46,8.866666666666667,2,5,0,0.0,0.0,0.0,0.0,0.0,0.0
2024-05-30,Australia,0.0,0.0,354.3,39.96666666666667,4.566666666666666,4.46,8.866666666666667,3,5,0,0.0,0.0,0.0,0.0,0.0,0.0
2024-05-31,Australia,0.0,0.0,354.3,39.96666666666667,4.566666666666666,4.46,8.866666666666667,4,5,0,0.0,0.0,0.0,0.0,0.0,0.0
2024-06-01,Australia,0.0,0.0,354.3,39.96666666666667,4.566666666666666,4.46,8.866666666666667,5,6,1,0.0,0.0,0.0,0.0,0.0,0.0
2024-06-02,Australia,0.0,0.0,354.3,39.96666666666667,4.566666666666666,4.46,8.866666666666667,6,6,1,0.0,0.0,0.0,0.0,0.0,0.0
2024-06-03,Australia,0.0,0.0,354.3,39.96666666666667,4.566666666666666,4.46,8.866666666666667,0,6,0,0.0,0.0,0.0,0.0,0.0,0.0
2024-06-04,Australia,0.0,0.0,354.3,39.96666666666667,4.566666666666666,4.46,8.866666666666667,1,6,0,0.0,0.0,0.0,0.0,0.0,0.0
2024-06-05,Australia,0.0,0.0,354.3,39.96666666666667,4.566666666666666,4.46,8.866666666666667,2,6,0,0.0,0.0,0.0,0.0,0.0,0.0
2024-06-06,Australia,0.0,0.0,354.3,39.96666666666667,4.566666666666666,4.46,8.866666666666667,3,6,0,0.0,0.0,0.0,0.0,0.0,0.0
2024-06-07,Australia,0.0,0.0,354.3,39.96666666666667,4.566666666666666,4.46,8.866666666666667,4,6,0,0.0,0.0,0.0,0.0,0.0,0.0
2024-06-08,Australia,0.0,0.0,354.3,39.96666666666667,4.566666666666666,4.46,8.866666666666667,5,6,1,0.0,0.0,0.0,0.0,0.0,0.0
2024-06-09,Australia,0.0,0.0,354.3,39.96666666666667,4.566666666666666,4.46,8.866666666666667,6,6,1,0.0,0.0,0.0,0.0,0.0,0.0
2024-06-10,Australia,0.0,0.0,354.3,39.96666666666667,4.566666666666666,4.46,8.866666666666667,0,6,0,0.0,0.0,0.0,0.0,0.0,0.0
2024-06-11,Australia,0.0,0.0,354.3,39.96666666666667,4.566666666666666,4.46,8.866666666666667,1,6,0,0.0,0.0,0.0,0.0,0.0,0.0
2024-06-12,Australia,0.0,0.0,354.3,39.96666666666667,4.566666666666666,4.46,8.866666666666667,2,6,0,0.0,0.0,0.0,0.0,0.0,0.0
2024-06-13,Australia,0.0,0.0,354.3,39.96666666666667,4.566666666666666,4.46,8.866666666666667,3,6,0,0.0,0.0,0.0,0.0,0.0,0.0
2024-06-14,Australia,0.0,0.0,354.3,39.96666666666667,4.566666666666666,4.46,8.866666666666667,4,6,0,0.0,0.0,0.0,0.0,0.0,0.0
2024-06-15,Australia,0.0,0.0,354.3,39.96666666666667,4.566666666666666,4.46,8.866666666666667,5,6,1,0.0,0.0,0.0,0.0,0.0,0.0
2024-06-16,Australia,0.0,0.0,354.3,39.96666666666667,4.566666666666666,4.46,8.866666666666667,6,6,1,0.0,0.0,0.0,0.0,0.0,0.0
2024-06-17,Australia,0.0,0.0,354.3,39.96666666666667,4.566666666666666,4.46,8.866666666666667,0,6,0,0.0,0.0,0.0,0.0,0.0,0.0
2024-06-18,Australia,0.0,0.0,354.3,39.96666666666667,4.566666666666666,4.46,8.866666666666667,1,6,0,0.0,0.0,0.0,0.0,0.0,0.0
2024-06-19,Australia,0.0,0.0,354.3,39.96666666666667,4.566666666666666,4.46,8.866666666666667,2,6,0,0.0,0.0,0.0,0.0,0.0,0.0
2024-06-20,Australia,0.0,0.0,354.3,39.96666666666667,4.566666666666666,4.46,8.866666666666667,3,6,0,0.0,0.0,0.0,0.0,0.0,0.0
2024-06-21,Australia,0.0,0.0,354.3,39.96666666666667,4.566666666666666,4.46,8.866666666666667,4,6,0,0.0,0.0,0.0,0.0,0.0,0.0
2024-06-22,Australia,0.0,0.0,354.3,39.96666666666667,4.566666666666666,4.46,8.866666666666667,5,6,1,0.0,0.0,0.0,0.0,0.0,0.0
2024-06-23,Australia,0.0,0.0,354.3,39.96666666666667,4.566666666666666,4.46,8.866666666666667,6,6,1,0.0,0.0,0.0,0.0,0.0,0.0
2024-06-24,Australia,0.0,0.0,354.3,39.96666666666667,4.566666666666666,4.46,8.866666666666667,0,6,0,0.0,0.0,0.0,0.0,0.0,0.0
2024-06-25,Australia,0.0,0.0,354.3,39.96666666666667,4.566666666666666,4.46,8.866666666666667,1,6,0,0.0,0.0,0.0,0.0,0.0,0.0
2024-06-26,Australia,0.0,0.0,354.3,39.96666666666667,4.566666666666666,4.46,8.866666666666667,2,6,0,0.0,0.0,0.0,0.0,0.0,0.0
2024-06-27,Australia,0.0,0.0,354.3,39.96666666666667,4.566666666666666,4.46,8.866666666666667,3,6,0,0.0,0.0,0.0,0.0,0.0,0.0
2024-06-28,Australia,0.0,0.0,354.3,39.96666666666667,4.566666666666666,4.46,8.866666666666667,4,6,0,0.0,0.0,0.0,0.0,0.0,0.0
2024-06-29,Australia,0.0,0.0,354.3,39.96666666666667,4.566666666666666,4.46,8.866666666666667,5,6,1,0.0,0.0,0.0,0.0,0.0,0.0
2024-06-30,Australia,0.0,0.0,354.3,39.96666666666667,4.566666666666666,4.46,8.866666666666667,6,6,1,0.0,0.0,0.0,0.0,0.0,0.0
2024-07-01,Australia,0.0,0.0,354.3,39.96666666666667,4.566666666666666,4.46,8.866666666666667,0,7,0,0.0,0.0,0.0,0.0,0.0,0.0
2024-07-02,Australia,0.0,0.0,354.3,39.96666666666667,4.566666666666666,4.46,8.866666666666667,1,7,0,0.0,0.0,0.0,0.0,0.0,0.0
2024-07-03,Australia,0.0,0.0,354.3,39.96666666666667,4.566666666666666,4.46,8.866666666666667,2,7,0,0.0,0.0,0.0,0.0,0.0,0.0
2024-07-04,Australia,0.0,0.0,354.3,39.96666666666667,4.566666666666666,4.46,8.866666666666667,3,7,0,0.0,0.0,0.0,0.0,0.0,0.0
2024-07-05,Australia,0.0,0.0,354.3,39.96666666666667,4.566666666666666,4.46,8.866666666666667,4,7,0,0.0,0.0,0.0,0.0,0.0,0.0
2024-07-06,Australia,0.0,0.0,354.3,39.96666666666667,4.566666666666666,4.46,8.866666666666667,5,7,1,0.0,0.0,0.0,0.0,0.0,0.0
2024-07-07,Australia,0.0,0.0,354.3,39.96666666666667,4.566666666666666,4.46,8.866666666666667,6,7,1,0.0,0.0,0.0,0.0,0.0,0.0
2024-07-08,Australia,0.0,0.0,354.3,39.96666666666667,4.566666666666666,4.46,8.866666666666667,0,7,0,0.0,0.0,0.0,0.0,0.0,0.0
2024-07-09,Australia,0.0,0.0,354.3,39.96666666666667,4.566666666666666,4.46,8.866666666666667,1,7,0,0.0,0.0,0.0,0.0,0.0,0.0
2024-07-10,Australia,0.0,0.0,354.3,39.96666666666667,4.566666666666666,4.46,8.866666666666667,2,7,0,0.0,0.0,0.0,0.0,0.0,0.0
2024-07-11,Australia,0.0,0.0,354.3,39.96666666666667,4.566666666666666,4.46,8.866666666666667,3,7,0,0.0,0.0,0.0,0.0,0.0,0.0
2024-07-12,Australia,0.0,0.0,354.3,39.96666666666667,4.566666666666666,4.46,8.866666666666667,4,7,0,0.0,0.0,0.0,0.0,0.0,0.0
2024-07-13,Australia,0.0,0.0,354.3,39.96666666666667,4.566666666666666,4.46,8.866666666666667,5,7,1,0.0,0.0,0.0,0.0,0.0,0.0
2024-07-14,Australia,0.0,0.0,354.3,39.96666666666667,4.566666666666666,4.46,8.866666666666667,6,7,1,0.0,0.0,0.0,0.0,0.0,0.0
2024-07-15,Australia,0.0,0.0,354.3,39.96666666666667,4.566666666666666,4.46,8.866666666666667,0,7,0,0.0,0.0,0.0,0.0,0.0,0.0
2024-07-16,Australia,0.0,0.0,354.3,39.96666666666667,4.566666666666666,4.46,8.866666666666667,1,7,0,0.0,0.0,0.0,0.0,0.0,0.0
2024-07-17,Australia,0.0,0.0,354.3,39.96666666666667,4.566666666666666,4.46,8.866666666666667,2,7,0,0.0,0.0,0.0,0.0,0.0,0.0
2024-07-18,Australia,0.0,0.0,354.3,39.96666666666667,4.566666666666666,4.46,8.866666666666667,3,7,0,0.0,0.0,0.0,0.0,0.0,0.0
2024-07-19,Australia,0.0,0.0,354.3,39.96666666666667,4.566666666666666,4.46,8.866666666666667,4,7,0,0.0,0.0,0.0,0.0,0.0,0.0
2024-07-20,Australia,0.0,0.0,354.3,39.96666666666667,4.566666666666666,4.46,8.866666666666667,5,7,1,0.0,0.0,0.0,0.0,0.0,0.0
2024-07-21,Australia,0.0,0.0,354.3,39.96666666666667,4.566666666666666,4.46,8.866666666666667,6,7,1,0.0,0.0,0.0,0.0,0.0,0.0
2024-07-22,Australia,0.0,0.0,354.3,39.96666666666667,4.566666666666666,4.46,8.866666666666667,0,7,0,0.0,0.0,0.0,0.0,0.0,0.0
2024-07-23,Australia,0.0,0.0,354.3,39.96666666666667,4.566666666666666,4.46,8.866666666666667,1,7,0,0.0,0.0,0.0,0.0,0.0,0.0
2024-07-24,Australia,0.0,0.0,354.3,39.96666666666667,4.566666666666666,4.46,8.866666666666667,2,7,0,0.0,0.0,0.0,0.0,0.0,0.0
2024-07-25,Australia,0.0,0.0,354.3,39.96666666666667,4.566666666666666,4.46,8.866666666666667,3,7,0,0.0,0.0,0.0,0.0,0.0,0.0
2024-07-26,Australia,0.0,0.0,354.3,39.96666666666667,4.566666666666666,4.46,8.866666666666667,4,7,0,0.0,0.0,0.0,0.0,0.0,0.0
2024-07-27,Australia,0.0,0.0,354.3,39.96666666666667,4.566666666666666,4.46,8.866666666666667,5,7,1,0.0,0.0,0.0,0.0,0.0,0.0
2024-07-28,Australia,0.0,0.0,354.3,39.96666666666667,4.566666666666666,4.46,8.866666666666667,6,7,1,0.0,0.0,0.0,0.0,0.0,0.0
2024-07-29,Australia,0.0,0.0,354.3,39.96666666666667,4.566666666666666,4.46,8.866666666666667,0,7,0,0.0,0.0,0.0,0.0,0.0,0.0
2024-07-30,Australia,0.0,0.0,354.3,39.96666666666667,4.566666666666666,4.46,8.866666666666667,1,7,0,0.0,0.0,0.0,0.0,0.0,0.0
2024-07-31,Australia,0.0,0.0,354.3,39.96666666666667,4.566666666666666,4.46,8.866666666666667,2,7,0,0.0,0.0,0.0,0.0,0.0,0.0
2024-08-01,Australia,0.0,0.0,354.3,39.96666666666667,4.566666666666666,4.46,8.866666666666667,3,8,0,0.0,0.0,0.0,0.0,0.0,0.0
2024-08-02,Australia,0.0,0.0,354.3,39.96666666666667,4.566666666666666,4.46,8.866666666666667,4,8,0,0.0,0.0,0.0,0.0,0.0,0.0
2024-08-03,Australia,0.0,0.0,354.3,39.96666666666667,4.566666666666666,4.46,8.866666666666667,5,8,1,0.0,0.0,0.0,0.0,0.0,0.0
2024-08-04,Australia,0.0,0.0,354.3,39.96666666666667,4.566666666666666,4.46,8.866666666666667,6,8,1,0.0,0.0,0.0,0.0,0.0,0.0
2024-08-05,Australia,0.0,0.0,354.3,39.96666666666667,4.566666666666666,4.46,8.866666666666667,0,8,0,0.0,0.0,0.0,0.0,0.0,0.0
2024-08-06,Australia,0.0,0.0,354.3,39.96666666666667,4.566666666666666,4.46,8.866666666666667,1,8,0,0.0,0.0,0.0,0.0,0.0,0.0
2024-08-07,Australia,0.0,0.0,354.3,39.96666666666667,4.566666666666666,4.46,8.866666666666667,2,8,0,0.0,0.0,0.0,0.0,0.0,0.0
2024-08-08,Australia,0.0,0.0,354.3,39.96666666666667,4.566666666666666,4.46,8.866666666666667,3,8,0,0.0,0.0,0.0,0.0,0.0,0.0
2024-08-09,Australia,0.0,0.0,354.3,39.96666666666667,4.566666666666666,4.46,8.866666666666667,4,8,0,0.0,0.0,0.0,0.0,0.0,0.0
2024-08-10,Australia,0.0,0.0,354.3,39.96666666666667,4.566666666666666,4.46,8.866666666666667,5,8,1,0.0,0.0,0.0,0.0,0.0,0.0
2024-08-11,Australia,0.0,0.0,354.3,39.96666666666667,4.566666666666666,4.46,8.866666666666667,6,8,1,0.0,0.0,0.0,0.0,0.0,0.0
2024-08-12,Australia,0.0,0.0,354.3,39.96666666666667,4.566666666666666,4.46,8.866666666666667,0,8,0,0.0,0.0,0.0,0.0,0.0,0.0
2024-08-13,Australia,0.0,0.0,354.3,39.96666666666667,4.566666666666666,4.46,8.866666666666667,1,8,0,0.0,0.0,0.0,0.0,0.0,0.0
2024-08-14,Australia,0.0,0.0,354.3,39.96666666666667,4.566666666666666,4.46,8.866666666666667,2,8,0,0.0,0.0,0.0,0.0,0.0,0.0
2024-08-15,Australia,0.0,0.0,354.3,39.96666666666667,4.566666666666666,4.46,8.866666666666667,3,8,0,0.0,0.0,0.0,0.0,0.0,0.0
2024-08-16,Australia,0.0,0.0,354.3,39.96666666666667,4.566666666666666,4.46,8.866666666666667,4,8,0,0.0,0.0,0.0,0.0,0.0,0.0
2024-08-17,Australia,0.0,0.0,354.3,39.96666666666667,4.566666666666666,4.46,8.866666666666667,5,8,1,0.0,0.0,0.0,0.0,0.0,0.0
2024-08-18,Australia,0.0,0.0,354.3,39.96666666666667,4.566666666666666,4.46,8.866666666666667,6,8,1,0.0,0.0,0.0,0.0,0.0,0.0
2024-08-19,Australia,0.0,0.0,354.3,39.96666666666667,4.566666666666666,4.46,8.866666666666667,0,8,0,0.0,0.0,0.0,0.0,0.0,0.0
2024-08-20,Australia,0.0,0.0,354.3,39.96666666666667,4.566666666666666,4.46,8.866666666666667,1,8,0,0.0,0.0,0.0,0.0,0.0,0.0
2024-08-21,Australia,0.0,0.0,354.3,39.96666666666667,4.566666666666666,4.46,8.866666666666667,2,8,0,0.0,0.0,0.0,0.0,0.0,0.0
2024-08-22,Australia,0.0,0.0,354.3,39.96666666666667,4.566666666666666,4.46,8.866666666666667,3,8,0,0.0,0.0,0.0,0.0,0.0,0.0
2024-08-23,Australia,0.0,0.0,354.3,39.96666666666667,4.566666666666666,4.46,8.866666666666667,4,8,0,0.0,0.0,0.0,0.0,0.0,0.0
2024-08-24,Australia,0.0,0.0,354.3,39.96666666666667,4.566666666666666,4.46,8.866666666666667,5,8,1,0.0,0.0,0.0,0.0,0.0,0.0
2024-08-25,Australia,0.0,0.0,354.3,39.96666666666667,4.566666666666666,4.46,8.866666666666667,6,8,1,0.0,0.0,0.0,0.0,0.0,0.0
2024-08-26,Australia,0.0,0.0,354.3,39.96666666666667,4.566666666666666,4.46,8.866666666666667,0,8,0,0.0,0.0,0.0,0.0,0.0,0.0
2024-08-27,Australia,0.0,0.0,354.3,39.96666666666667,4.566666666666666,4.46,8.866666666666667,1,8,0,0.0,0.0,0.0,0.0,0.0,0.0
2024-08-28,Australia,0.0,0.0,354.3,39.96666666666667,4.566666666666666,4.46,8.866666666666667,2,8,0,0.0,0.0,0.0,0.0,0.0,0.0
2024-08-29,Australia,0.0,0.0,354.3,39.96666666666667,4.566666666666666,4.46,8.866666666666667,3,8,0,0.0,0.0,0.0,0.0,0.0,0.0
2024-08-30,Australia,0.0,0.0,354.3,39.96666666666667,4.566666666666666,4.46,8.866666666666667,4,8,0,0.0,0.0,0.0,0.0,0.0,0.0
2024-08-31,Australia,0.0,0.0,354.3,39.96666666666667,4.566666666666666,4.46,8.866666666666667,5,8,1,0.0,0.0,0.0,0.0,0.0,0.0
2024-09-01,Australia,0.0,0.0,354.3,39.96666666666667,4.566666666666666,4.46,8.866666666666667,6,9,1,0.0,0.0,0.0,0.0,0.0,0.0
2024-09-02,Australia,0.0,0.0,354.3,39.96666666666667,4.566666666666666,4.46,8.866666666666667,0,9,0,0.0,0.0,0.0,0.0,0.0,0.0
2024-09-03,Australia,0.0,0.0,354.3,39.96666666666667,4.566666666666666,4.46,8.866666666666667,1,9,0,0.0,0.0,0.0,0.0,0.0,0.0
2024-09-04,Australia,0.0,0.0,354.3,39.96666666666667,4.566666666666666,4.46,8.866666666666667,2,9,0,0.0,0.0,0.0,0.0,0.0,0.0
2024-09-05,Australia,0.0,0.0,354.3,39.96666666666667,4.566666666666666,4.46,8.866666666666667,3,9,0,0.0,0.0,0.0,0.0,0.0,0.0
2024-09-06,Australia,0.0,0.0,354.3,39.96666666666667,4.566666666666666,4.46,8.866666666666667,4,9,0,0.0,0.0,0.0,0.0,0.0,0.0
2024-09-07,Australia,0.0,0.0,354.3,39.96666666666667,4.566666666666666,4.46,8.866666666666667,5,9,1,0.0,0.0,0.0,0.0,0.0,0.0
2024-09-08,Australia,0.0,0.0,354.3,39.96666666666667,4.566666666666666,4.46,8.866666666666667,6,9,1,0.0,0.0,0.0,0.0,0.0,0.0
2024-09-09,Australia,0.0,0.0,354.3,39.96666666666667,4.566666666666666,4.46,8.866666666666667,0,9,0,0.0,0.0,0.0,0.0,0.0,0.0
2024-09-10,Australia,0.0,0.0,354.3,39.96666666666667,4.566666666666666,4.46,8.866666666666667,1,9,0,0.0,0.0,0.0,0.0,0.0,0.0
2024-09-11,Australia,0.0,0.0,354.3,39.96666666666667,4.566666666666666,4.46,8.866666666666667,2,9,0,0.0,0.0,0.0,0.0,0.0,0.0
2024-09-12,Australia,0.0,0.0,354.3,39.96666666666667,4.566666666666666,4.46,8.866666666666667,3,9,0,0.0,0.0,0.0,0.0,0.0,0.0
2024-09-13,Australia,0.0,0.0,354.3,39.96666666666667,4.566666666666666,4.46,8.866666666666667,4,9,0,0.0,0.0,0.0,0.0,0.0,0.0
2024-09-14,Australia,0.0,0.0,354.3,39.96666666666667,4.566666666666666,4.46,8.866666666666667,5,9,1,0.0,0.0,0.0,0.0,0.0,0.0
2024-09-15,Australia,0.0,0.0,354.3,39.96666666666667,4.566666666666666,4.46,8.866666666666667,6,9,1,0.0,0.0,0.0,0.0,0.0,0.0
2024-09-16,Australia,0.0,0.0,354.3,39.96666666666667,4.566666666666666,4.46,8.866666666666667,0,9,0,0.0,0.0,0.0,0.0,0.0,0.0
2024-09-17,Australia,0.0,0.0,354.3,39.96666666666667,4.566666666666666,4.46,8.866666666666667,1,9,0,0.0,0.0,0.0,0.0,0.0,0.0
2024-09-18,Australia,0.0,0.0,354.3,39.96666666666667,4.566666666666666,4.46,8.866666666666667,2,9,0,0.0,0.0,0.0,0.0,0.0,0.0
2024-09-19,Australia,0.0,0.0,354.3,39.96666666666667,4.566666666666666,4.46,8.866666666666667,3,9,0,0.0,0.0,0.0,0.0,0.0,0.0
2024-09-20,Australia,0.0,0.0,354.3,39.96666666666667,4.566666666666666,4.46,8.866666666666667,4,9,0,0.0,0.0,0.0,0.0,0.0,0.0
2024-09-21,Australia,0.0,0.0,354.3,39.96666666666667,4.566666666666666,4.46,8.866666666666667,5,9,1,0.0,0.0,0.0,0.0,0.0,0.0
2024-09-22,Australia,0.0,0.0,354.3,39.96666666666667,4.566666666666666,4.46,8.866666666666667,6,9,1,0.0,0.0,0.0,0.0,0.0,0.0
2024-09-23,Australia,0.0,0.0,354.3,39.96666666666667,4.566666666666666,4.46,8.866666666666667,0,9,0,0.0,0.0,0.0,0.0,0.0,0.0
2024-09-24,Australia,0.0,0.0,354.3,39.96666666666667,4.566666666666666,4.46,8.866666666666667,1,9,0,0.0,0.0,0.0,0.0,0.0,0.0
2024-09-25,Australia,0.0,0.0,354.3,39.96666666666667,4.566666666666666,4.46,8.866666666666667,2,9,0,0.0,0.0,0.0,0.0,0.0,0.0
2024-09-26,Australia,0.0,0.0,354.3,39.96666666666667,4.566666666666666,4.46,8.866666666666667,3,9,0,0.0,0.0,0.0,0.0,0.0,0.0
2024-09-27,Australia,0.0,0.0,354.3,39.96666666666667,4.566666666666666,4.46,8.866666666666667,4,9,0,0.0,0.0,0.0,0.0,0.0,0.0
2024-09-28,Australia,0.0,0.0,354.3,39.96666666666667,4.566666666666666,4.46,8.866666666666667,5,9,1,0.0,0.0,0.0,0.0,0.0,0.0
2024-09-29,Australia,0.0,0.0,354.3,39.96666666666667,4.566666666666666,4.46,8.866666666666667,6,9,1,0.0,0.0,0.0,0.0,0.0,0.0
2024-09-30,Australia,0.0,0.0,354.3,39.96666666666667,4.566666666666666,4.46,8.866666666666667,0,9,0,0.0,0.0,0.0,0.0,0.0,0.0
2024-10-01,Australia,0.0,0.0,354.3,39.96666666666667,4.566666666666666,4.46,8.866666666666667,1,10,0,0.0,0.0,0.0,0.0,0.0,0.0
2024-10-02,Australia,0.0,0.0,354.3,39.96666666666667,4.566666666666666,4.46,8.866666666666667,2,10,0,0.0,0.0,0.0,0.0,0.0,0.0
2024-10-03,Australia,0.0,0.0,354.3,39.96666666666667,4.566666666666666,4.46,8.866666666666667,3,10,0,0.0,0.0,0.0,0.0,0.0,0.0
2024-10-04,Australia,0.0,0.0,354.3,39.96666666666667,4.566666666666666,4.46,8.866666666666667,4,10,0,0.0,0.0,0.0,0.0,0.0,0.0
2024-10-05,Australia,0.0,0.0,354.3,39.96666666666667,4.566666666666666,4.46,8.866666666666667,5,10,1,0.0,0.0,0.0,0.0,0.0,0.0
2024-10-06,Australia,0.0,0.0,354.3,39.96666666666667,4.566666666666666,4.46,8.866666666666667,6,10,1,0.0,0.0,0.0,0.0,0.0,0.0
2024-10-07,Australia,0.0,0.0,354.3,39.96666666666667,4.566666666666666,4.46,8.866666666666667,0,10,0,0.0,0.0,0.0,0.0,0.0,0.0
2024-10-08,Australia,0.0,0.0,354.3,39.96666666666667,4.566666666666666,4.46,8.866666666666667,1,10,0,0.0,0.0,0.0,0.0,0.0,0.0
2024-10-09,Australia,0.0,0.0,354.3,39.96666666666667,4.566666666666666,4.46,8.866666666666667,2,10,0,0.0,0.0,0.0,0.0,0.0,0.0
2024-10-10,Australia,0.0,0.0,354.3,39.96666666666667,4.566666666666666,4.46,8.866666666666667,3,10,0,0.0,0.0,0.0,0.0,0.0,0.0
2024-10-11,Australia,0.0,0.0,354.3,39.96666666666667,4.566666666666666,4.46,8.866666666666667,4,10,0,0.0,0.0,0.0,0.0,0.0,0.0
2024-10-12,Australia,0.0,0.0,354.3,39.96666666666667,4.566666666666666,4.46,8.866666666666667,5,10,1,0.0,0.0,0.0,0.0,0.0,0.0
2024-10-13,Australia,0.0,0.0,354.3,39.96666666666667,4.566666666666666,4.46,8.866666666666667,6,10,1,0.0,0.0,0.0,0.0,0.0,0.0
2024-10-14,Australia,0.0,0.0,354.3,39.96666666666667,4.566666666666666,4.46,8.866666666666667,0,10,0,0.0,0.0,0.0,0.0,0.0,0.0
2024-10-15,Australia,0.0,0.0,354.3,39.96666666666667,4.566666666666666,4.46,8.866666666666667,1,10,0,0.0,0.0,0.0,0.0,0.0,0.0
2024-10-16,Australia,0.0,0.0,354.3,39.96666666666667,4.566666666666666,4.46,8.866666666666667,2,10,0,0.0,0.0,0.0,0.0,0.0,0.0
2024-10-17,Australia,0.0,0.0,354.3,39.96666666666667,4.566666666666666,4.46,8.866666666666667,3,10,0,0.0,0.0,0.0,0.0,0.0,0.0
2024-10-18,Australia,0.0,0.0,354.3,39.96666666666667,4.566666666666666,4.46,8.866666666666667,4,10,0,0.0,0.0,0.0,0.0,0.0,0.0
2024-10-19,Australia,0.0,0.0,354.3,39.96666666666667,4.566666666666666,4.46,8.866666666666667,5,10,1,0.0,0.0,0.0,0.0,0.0,0.0
2024-10-20,Australia,0.0,0.0,354.3,39.96666666666667,4.566666666666666,4.46,8.866666666666667,6,10,1,0.0,0.0,0.0,0.0,0.0,0.0
2024-10-21,Australia,0.0,0.0,354.3,39.96666666666667,4.566666666666666,4.46,8.866666666666667,0,10,0,0.0,0.0,0.0,0.0,0.0,0.0
2024-10-22,Australia,0.0,0.0,354.3,39.96666666666667,4.566666666666666,4.46,8.866666666666667,1,10,0,0.0,0.0,0.0,0.0,0.0,0.0
2024-10-23,Australia,0.0,0.0,354.3,39.96666666666667,4.566666666666666,4.46,8.866666666666667,2,10,0,0.0,0.0,0.0,0.0,0.0,0.0
2024-10-24,Australia,0.0,0.0,354.3,39.96666666666667,4.566666666666666,4.46,8.866666666666667,3,10,0,0.0,0.0,0.0,0.0,0.0,0.0
2024-10-25,Australia,0.0,0.0,354.3,39.96666666666667,4.566666666666666,4.46,8.866666666666667,4,10,0,0.0,0.0,0.0,0.0,0.0,0.0
2024-10-26,Australia,0.0,0.0,354.3,39.96666666666667,4.566666666666666,4.46,8.866666666666667,5,10,1,0.0,0.0,0.0,0.0,0.0,0.0
2024-10-27,Australia,0.0,0.0,354.3,39.96666666666667,4.566666666666666,4.46,8.866666666666667,6,10,1,0.0,0.0,0.0,0.0,0.0,0.0
2024-10-28,Australia,0.0,0.0,354.3,39.96666666666667,4.566666666666666,4.46,8.866666666666667,0,10,0,0.0,0.0,0.0,0.0,0.0,0.0
2024-10-29,Australia,0.0,0.0,354.3,39.96666666666667,4.566666666666666,4.46,8.866666666666667,1,10,0,0.0,0.0,0.0,0.0,0.0,0.0
2024-10-30,Australia,0.0,0.0,354.3,39.96666666666667,4.566666666666666,4.46,8.866666666666667,2,10,0,0.0,0.0,0.0,0.0,0.0,0.0
2024-10-31,Australia,0.0,0.0,354.3,39.96666666666667,4.566666666666666,4.46,8.866666666666667,3,10,0,0.0,0.0,0.0,0.0,0.0,0.0
2024-11-01,Australia,499.79,4.0,327.8125,47.525,16.7,2.0125,15.475000000000001,4,11,0,0.0,0.0,0.0,0.0,0.0,0.0
2024-11-02,Australia,1294.77,5.0,351.852,46.96,15.0,1.052,19.240000000000002,5,11,1,499.79,0.0,0.0,166.5966666666666,71.39857142857143,35.699285714285715
2024-11-03,Australia,165.45000000000002,4.0,325.5475,45.375,27.675,1.545,18.65,6,11,1,1294.77,0.0,0.0,598.1866666666666,256.36571428571426,128.18285714285713
2024-11-04,Australia,0.0,0.0,325.5475,45.375,27.675,1.545,18.65,0,11,0,165.45000000000002,499.79,0.0,653.3366666666666,280.00142857142856,140.00071428571428
2024-11-05,Australia,314.47,7.0,339.9642857142857,46.44285714285714,22.485714285714288,1.4114285714285715,17.228571428571428,1,11,0,0.0,1294.77,0.0,486.73999999999995,280.00142857142856,140.00071428571428
2024-11-06,Australia,483.25,3.0,341.5733333333333,42.333333333333336,43.56666666666666,1.7566666666666666,13.366666666666667,2,11,0,314.47,165.45000000000002,0.0,159.97333333333327,324.92571428571426,162.46285714285713
2024-11-07,Australia,382.14000000000004,3.0,341.56333333333333,40.6,24.0,0.3633333333333333,13.166666666666666,3,11,0,483.25,0.0,0.0,265.9066666666666,393.9614285714286,196.9807142857143
2024-11-08,Australia,47.66,1.0,331.21,40.4,2.8,1.11,12.8,4,11,0,382.14000000000004,314.47,499.79,393.28666666666663,448.55285714285714,224.27642857142857
2024-11-09,Australia,431.84000000000003,6.0,331.06166666666667,46.083333333333336,7.0,2.296666666666667,23.316666666666666,5,11,1,47.66,483.25,1294.77,304.34999999999997,383.96285714285716,227.6807142857143
2024-11-10,Australia,74.78999999999999,3.0,339.74,40.46666666666667,5.666666666666667,1.1066666666666667,22.599999999999998,6,11,1,431.84000000000003,382.14000000000004,165.45000000000002,287.2133333333333,260.6871428571429,258.52642857142854
2024-11-11,Australia,20.12,1.0,351.53,46.4,1.5,0.81,5.0,0,11,0,74.78999999999999,47.66,0.0,184.7633333333333,247.7357142857143,263.86857142857144
2024-11-12,Australia,306.68,6.0,326.87666666666667,46.81666666666666,18.366666666666667,1.33,23.099999999999998,1,11,0,20.12,431.84000000000003,314.47,175.5833333333333,250.61000000000004,265.3057142857143
2024-11-13,Australia,555.2,2.0,330.78999999999996,46.2,23.700000000000003,1.77,19.3,2,11,0,306.68,74.78999999999999,483.25,133.86333333333326,249.49714285714285,287.2114285714286
2024-11-14,Australia,20.38,1.0,333.86,48.2,1.4,1.58,14.9,3,11,0,555.2,20.12,382.14000000000004,293.99999999999994,259.7757142857143,326.86857142857144
2024-11-15,Australia,178.86,2.0,325.04499999999996,38.5,19.25,3.5349999999999997,11.5,4,11,0,20.38,306.68,47.66,294.08666666666664,208.0957142857143,328.32428571428574
2024-11-16,Australia,526.74,4.0,331.82,46.575,12.5,0.2075,15.325,5,11,1,178.86,555.2,431.84000000000003,251.48,226.83857142857144,305.40071428571434
2024-11-17,Australia,270.62,3.0,329.6333333333333,44.03333333333333,55.0,1.5433333333333332,13.433333333333332,6,11,1,526.74,20.38,74.78999999999999,241.9933333333333,240.3957142857143,250.54142857142855
2024-11-18,Australia,13.21,1.0,335.66,49.9,13.4,1.3,5.0,0,11,0,270.62,178.86,20.12,325.40666666666664,268.37142857142857,258.05357142857144
2024-11-19,Australia,565.87,8.0,346.52750000000003,43.15,20.8125,1.3025,18.175,1,11,0,13.21,526.74,306.68,270.19,267.3842857142857,258.9971428571429
2024-11-20,Australia,187.21,3.0,327.32,44.06666666666666,4.866666666666666,1.8166666666666667,25.666666666666668,2,11,0,565.87,270.62,555.2,283.2333333333333,304.4114285714286,276.95428571428573
2024-11-21,Australia,73.12,1.0,344.53,42.4,5.0,0.29,31.0,3,11,0,187.21,13.21,20.38,255.42999999999998,251.8414285714286,255.80857142857144
2024-11-22,Australia,119.15,3.0,354.51666666666665,43.76666666666667,28.666666666666668,0.18333333333333335,15.066666666666668,4,11,0,73.12,565.87,178.86,275.4,259.37571428571425,233.7357142857143
2024-11-23,Australia,380.14,5.0,344.836,45.72,12.42,1.1179999999999999,21.94,5,11,1,119.15,187.21,526.74,126.4933333333333,250.8457142857143,238.84214285714285
2024-11-24,Australia,207.95999999999998,2.0,329.48,46.4,6.4,3.675,19.65,6,11,1,380.14,73.12,270.62,190.80333333333328,229.90285714285716,235.1492857142857
2024-11-25,Australia,244.63,2.0,330.985,44.1,26.9,0.47000000000000003,12.6,0,11,0,207.95999999999998,119.15,13.21,235.74999999999991,220.95142857142858,244.66142857142856
2024-11-26,Australia,53.620000000000005,3.0,342.26,43.96666666666667,33.800000000000004,1.5233333333333334,29.899999999999995,1,11,0,244.63,380.14,565.87,277.5766666666666,254.01142857142858,260.6978571428571
2024-11-27,Australia,390.6,5.0,329.42400000000004,45.42,15.48,1.176,19.02,2,11,0,53.620000000000005,207.95999999999998,187.21,168.73666666666662,180.83285714285714,242.62214285714285
2024-11-28,Australia,482.08000000000004,5.0,342.808,43.08,20.16,0.622,20.0,3,11,0,390.6,244.63,73.12,229.61666666666665,209.88857142857142,230.865
2024-11-29,Australia,1066.6200000000001,6.0,356.5683333333333,41.083333333333336,13.816666666666668,1.9933333333333334,28.0,4,11,0,482.08000000000004,53.620000000000005,119.15,308.76666666666665,268.31142857142856,263.84357142857147
2024-11-30,Australia,892.22,6.0,348.40500000000003,45.15,15.200000000000001,1.3650000000000002,17.25,5,11,1,1066.6200000000001,390.6,380.14,646.4333333333334,403.6642857142857,327.255
2024-12-01,Australia,114.13,3.0,358.22333333333336,40.800000000000004,47.833333333333336,2.063333333333333,16.433333333333334,6,12,1,892.22,482.08000000000004,207.95999999999998,813.64,476.8185714285715,353.3607142857143
2024-12-02,Australia,337.53,1.0,369.55,40.2,14.4,3.42,13.0,0,12,0,114.13,1066.6200000000001,244.63,690.9899999999999,463.4142857142857,342.1828571428572
2024-12-03,Australia,262.83,2.0,340.655,40.15,28.0,0.425,27.75,1,12,0,337.53,892.22,53.620000000000005,447.95999999999987,476.6857142857143,365.34857142857146
2024-12-04,Australia,450.78,4.0,360.73,48.025,38.8,2.52,19.575000000000003,2,12,0,262.83,114.13,390.6,238.16333333333327,506.5728571428572,343.70285714285717
2024-12-05,Australia,216.14000000000001,3.0,337.57666666666665,41.833333333333336,9.9,0.7766666666666667,23.099999999999998,3,12,0,450.78,337.53,482.08000000000004,350.3799999999999,515.17,362.5292857142858
2024-12-06,Australia,299.5,4.0,325.5425,37.975,20.6,1.1275,16.825,4,12,0,216.14000000000001,262.83,1066.6200000000001,309.9166666666666,477.17857142857144,372.74499999999995
2024-12-07,Australia,456.47,3.0,348.05333333333334,41.266666666666666,20.533333333333335,1.1433333333333333,15.933333333333332,5,12,1,299.5,450.78,892.22,322.13999999999993,367.59000000000003,385.6271428571428
2024-12-08,Australia,52.43000000000001,2.0,330.525,39.75,3.0,0.64,33.3,6,12,1,456.47,216.14000000000001,114.13,324.03666666666663,305.34000000000003,391.0792857142857
2024-12-09,Australia,416.34,6.0,334.95166666666665,42.56666666666666,15.733333333333334,1.585,25.649999999999995,0,12,0,52.43000000000001,299.5,337.53,269.46666666666664,296.5257142857143,379.96999999999997
2024-12-10,Australia,213.12,2.0,333.17,43.349999999999994,17.85,2.09,5.7,1,12,0,416.34,456.47,262.83,308.41333333333324,307.7842857142858,392.23500000000007
2024-12-11,Australia,154.75,2.0,347.38,39.35,22.6,1.68,26.25,2,12,0,213.12,52.43000000000001,450.78,227.2966666666666,300.68285714285713,403.6278571428571
2024-12-12,Australia,501.51,4.0,343.60249999999996,40.9,9.35,0.9525,23.3,3,12,0,154.75,416.34,216.14000000000001,261.40333333333325,258.39285714285717,386.7814285714286
2024-12-13,Australia,121.63,3.0,338.75,41.03333333333333,48.06666666666666,2.1233333333333335,28.933333333333334,4,12,0,501.51,213.12,299.5,289.79333333333324,299.15999999999997,388.16928571428576
2024-12-14,Australia,213.12,3.0,335.00666666666666,42.666666666666664,7.433333333333334,2.27,18.433333333333334,5,12,1,121.63,154.75,456.47,259.29666666666657,273.75,320.66999999999996
2024-12-15,Australia,256.27,2.0,338.305,42.45,7.25,1.92,30.650000000000002,6,12,1,213.12,501.51,52.43000000000001,278.7533333333333,238.98571428571427,272.16285714285715
2024-12-16,Australia,267.86,4.0,332.6925,40.65,16.125,1.7125,21.85,0,12,0,256.27,121.63,416.34,197.00666666666658,268.10571428571427,282.3157142857143
2024-12-17,Australia,125.86,3.0,342.05,42.76666666666667,28.100000000000005,1.2766666666666666,21.333333333333332,1,12,0,267.86,213.12,213.12,245.74999999999991,246.89428571428576,277.3392857142857
2024-12-18,Australia,116.27,3.0,339.83,42.699999999999996,18.099999999999998,2.6033333333333335,17.0,2,12,0,125.86,256.27,154.75,216.66333333333327,234.42857142857142,267.55571428571426
2024-12-19,Australia,445.19,4.0,343.9325,40.925,16.799999999999997,0.805,22.975,3,12,0,116.27,267.86,501.51,169.99666666666658,228.93142857142857,243.6621428571429
2024-12-20,Australia,618.63,8.0,345.42625,45.825,14.6625,0.9049999999999999,17.7625,4,12,0,445.19,125.86,121.63,229.10666666666657,220.8857142857143,260.0228571428571
2024-12-21,Australia,196.87,4.0,338.335,42.175,28.075000000000003,0.575,14.725000000000001,5,12,1,618.63,116.27,213.12,393.36333333333323,291.8857142857143,282.8178571428571
2024-12-22,Australia,1264.53,5.0,338.37199999999996,42.839999999999996,8.419999999999998,2.092,24.6,6,12,1,196.87,445.19,256.27,420.22999999999996,289.5642857142857,264.275
2024-12-23,Australia,1187.58,5.0,350.83000000000004,43.36,44.62,1.188,18.96,0,12,0,1264.53,618.63,267.86,693.3433333333332,433.6014285714286,350.8535714285714
2024-12-24,Australia,3172.42,3.0,404.6566666666667,41.36666666666667,27.833333333333332,1.5999999999999999,24.46666666666667,1,12,0,1187.58,196.87,125.86,882.9933333333332,564.99,405.9421428571428
2024-12-25,Australia,737.77,3.0,352.1966666666667,36.1,7.7,1.1366666666666667,27.03333333333333,2,12,0,3172.42,1264.53,116.27,1874.8433333333332,1000.2128571428572,617.3207142857143
2024-12-26,Australia,984.89,5.0,336.444,43.760000000000005,14.680000000000001,0.674,17.98,3,12,0,737.77,1187.58,445.19,1699.256666666667,1088.9985714285715,658.965
2024-12-27,Australia,573.65,8.0,338.85875,44.975,27.675,1.6275,12.9875,4,12,0,984.89,3172.42,618.63,1631.6933333333334,1166.0985714285714,693.4921428571428
2024-12-28,Australia,223.9,5.0,336.06,42.160000000000004,10.440000000000001,3.7359999999999998,24.240000000000002,5,12,1,573.65,737.77,196.87,765.4366666666665,1159.672857142857,725.7792857142857
2024-12-29,Australia,87.61,2.0,323.985,40.75,19.45,1.7850000000000001,28.6,6,12,1,223.9,984.89,1264.53,594.1466666666665,1163.5342857142857,726.5492857142856
2024-12-30,Australia,724.33,4.0,349.315,43.4,12.424999999999999,1.105,12.35,0,12,0,87.61,573.65,1187.58,295.05333333333317,995.4028571428571,714.5021428571428
2024-12-31,Australia,133.1,3.0,316.96333333333337,41.699999999999996,3.466666666666667,0.58,20.7,1,12,0,724.33,223.9,3172.42,345.2799999999999,929.2242857142857,747.1071428571429
2025-01-01,Australia,30.93,1.0,327.06,40.8,47.4,0.76,5.0,2,1,0,133.1,87.61,737.77,315.0133333333332,495.0357142857143,747.6242857142857
2025-01-02,Australia,381.72,3.0,343.7266666666667,41.36666666666667,16.900000000000002,1.7333333333333332,18.5,3,1,0,30.93,724.33,984.89,296.11999999999983,394.0585714285714,741.5285714285714
2025-01-03,Australia,504.11,7.0,330.29857142857145,40.34285714285714,19.771428571428572,1.1757142857142857,18.67142857142857,4,1,0,381.72,133.1,573.65,181.91666666666652,307.8914285714286,736.995
2025-01-04,Australia,10.2,1.0,326.79,39.2,6.8,0.89,26.2,5,1,1,504.11,30.93,223.9,305.58666666666653,297.95714285714286,728.8149999999999
2025-01-05,Australia,486.73,5.0,324.006,41.620000000000005,12.22,0.916,30.919999999999998,6,1,1,10.2,381.72,87.61,298.67666666666656,267.42857142857144,715.4814285714285
2025-01-06,Australia,138.08999999999997,3.0,331.0833333333333,39.36666666666667,8.200000000000001,1.8433333333333335,12.533333333333331,0,1,0,486.73,504.11,724.33,333.67999999999984,324.44571428571425,659.9242857142857
2025-01-07,Australia,64.31,2.0,338.435,41.0,26.75,0.7350000000000001,20.0,1,1,0,138.08999999999997,10.2,133.1,211.67333333333318,240.69714285714286,584.9607142857143
2025-01-08,Australia,342.4,5.0,340.41,40.96,8.46,0.678,22.32,2,1,0,64.31,486.73,30.93,229.7099999999998,230.86999999999998,362.95285714285717
2025-01-09,Australia,2100.45,7.0,344.2628571428572,42.94285714285714,12.514285714285714,0.5399999999999999,14.457142857142856,3,1,0,342.4,138.08999999999997,381.72,181.59999999999982,275.36571428571426,334.7121428571428
2025-01-10,Australia,58.66,2.0,318.71,41.95,5.55,0.085,8.8,4,1,0,2100.45,64.31,504.11,835.7199999999998,520.8985714285715,414.395
2025-01-11,Australia,940.65,4.0,351.3525,40.125,9.025,2.5575,16.4,5,1,1,58.66,342.4,10.2,833.8366666666665,457.2628571428571,377.60999999999996
2025-01-12,Australia,31.1,1.0,355.46,42.5,14.6,1.08,5.0,6,1,1,940.65,2100.45,486.73,1033.253333333333,590.1842857142857,428.8064285714285
2025-01-13,Australia,807.24,2.0,374.4,40.400000000000006,15.3,1.085,25.6,0,1,0,31.1,58.66,138.08999999999997,343.4699999999998,525.0942857142857,424.77
2025-01-14,Australia,244.99,5.0,328.43199999999996,43.28,15.48,2.8280000000000003,23.119999999999997,1,1,0,807.24,940.65,64.31,592.9966666666666,620.6871428571428,430.6921428571428
2025-01-15,Australia,109.06,2.0,337.70500000000004,35.75,31.3,3.12,18.35,2,1,0,244.99,31.1,342.4,361.10999999999984,646.4985714285714,438.6842857142857
2025-01-16,Australia,86.15,2.0,347.51,39.849999999999994,37.9,0.425,14.25,3,1,0,109.06,807.24,2100.45,387.0966666666666,613.1642857142857,444.26499999999993
2025-01-17,Australia,325.88,4.0,338.2425,39.325,21.525,0.8625,16.55,4,1,0,86.15,244.99,58.66,146.7333333333332,325.40714285714284,423.15285714285716
2025-01-18,Australia,429.4,5.0,333.78000000000003,41.62,9.02,1.01,13.52,5,1,1,325.88,109.06,940.65,173.69666666666652,363.5814285714286,410.42214285714283
2025-01-19,Australia,44.38,1.0,350.71,34.4,48.2,1.21,15.0,6,1,1,429.4,86.15,31.1,280.4766666666665,290.5457142857143,440.36499999999995
2025-01-20,Australia,929.91,6.0,337.1483333333333,40.38333333333333,28.0,1.0,16.166666666666668,0,1,0,44.38,325.88,807.24,266.5533333333332,292.4428571428572,408.7685714285714
2025-01-21,Australia,318.33,4.0,327.985,36.875,7.25,1.37,24.025,1,1,0,929.91,429.4,244.99,467.89666666666653,309.96714285714285,465.32714285714286
2025-01-22,Australia,411.68,4.0,349.15,41.3,17.575,1.4625,18.225,2,1,0,318.33,44.38,109.06,430.8733333333332,320.4442857142857,483.47142857142853
2025-01-23,Australia,565.66,3.0,350.26666666666665,40.766666666666666,12.466666666666667,1.4166666666666667,7.333333333333333,3,1,0,411.68,929.91,86.15,553.3066666666665,363.67571428571426,488.42
2025-01-24,Australia,549.78,3.0,349.5566666666667,40.666666666666664,16.733333333333334,0.5866666666666667,21.2,4,1,0,565.66,318.33,325.88,431.8899999999999,432.1771428571428,378.7921428571429
2025-01-25,Australia,123.94,3.0,337.2966666666667,42.79999999999999,11.266666666666666,0.7933333333333333,16.03333333333333,5,1,1,549.78,411.68,429.4,509.0399999999999,464.16285714285704,413.8721428571429
2025-01-26,Australia,290.44,2.0,341.275,36.95,22.599999999999998,1.395,31.2,6,1,1,123.94,565.66,44.38,413.12666666666655,420.5257142857143,355.5357142857142
2025-01-27,Australia,421.02000000000004,4.0,343.48,39.775000000000006,30.625,2.3925,22.875,0,1,0,290.44,549.78,929.91,321.38666666666654,455.6771428571428,374.06
2025-01-28,Australia,523.67,4.0,345.8425,40.125,17.7,1.07,21.299999999999997,1,1,0,421.02000000000004,123.94,318.33,278.4666666666665,382.9785714285714,346.47285714285715
2025-01-29,Australia,492.81,3.0,350.7,42.93333333333334,14.266666666666666,0.8233333333333334,12.766666666666666,2,1,0,523.67,290.44,411.68,411.70999999999987,412.3128571428571,366.3785714285714
2025-01-30,Australia,338.46,5.0,335.204,37.0,13.219999999999999,0.792,16.64,3,1,0,492.81,421.02000000000004,565.66,479.1666666666666,423.9028571428571,393.7892857142857
2025-01-31,Australia,517.38,3.0,334.09666666666664,39.13333333333333,27.233333333333334,0.8466666666666667,18.433333333333334,4,1,0,338.46,523.67,549.78,451.64666666666653,391.44571428571425,411.81142857142856
2025-02-01,Australia,129.47,5.0,336.538,40.519999999999996,23.740000000000002,1.208,27.46,5,2,1,517.38,492.81,123.94,449.5499999999999,386.81714285714287,425.48999999999995
2025-02-02,Australia,314.53,2.0,339.24,36.95,43.0,1.63,17.0,6,2,1,129.47,338.46,290.44,328.43666666666655,387.60714285714283,404.0664285714285
2025-02-03,Australia,25.619999999999997,2.0,319.08500000000004,37.35,7.6,1.135,29.65,0,2,0,314.53,517.38,421.02000000000004,320.45999999999987,391.04857142857145,423.36285714285714
2025-02-04,Australia,56.8,1.0,325.81,33.0,2.8,4.14,18.4,1,2,0,25.619999999999997,129.47,523.67,156.53999999999988,334.5628571428571,358.7707142857143
2025-02-05,Australia,248.42,4.0,339.8525,39.2,10.625,1.62,8.9,2,2,0,56.8,314.53,492.81,132.31666666666655,267.8671428571428,340.09000000000003
2025-02-06,Australia,686.96,5.0,322.674,35.379999999999995,14.24,1.75,21.419999999999998,3,2,0,248.42,25.619999999999997,338.46,110.27999999999987,232.95428571428573,328.4285714285714
2025-02-07,Australia,426.66,4.0,334.9125,35.075,16.65,1.6,12.325,4,2,0,686.96,56.8,517.38,330.7266666666665,282.74,337.0928571428571
2025-02-08,Australia,325.78,5.0,325.06800000000004,33.54,19.18,2.748,16.82,5,2,1,426.66,248.42,129.47,454.01333333333326,269.78000000000003,328.29857142857145
2025-02-09,Australia,28.04,2.0,334.105,42.0,17.2,2.035,15.0,6,2,1,325.78,686.96,314.53,479.7999999999999,297.82428571428574,342.71571428571434
2025-02-10,Australia,1007.12,6.0,355.1466666666667,38.61666666666667,26.016666666666666,1.0283333333333333,18.816666666666666,0,2,0,28.04,426.66,25.619999999999997,260.15999999999985,256.89714285714285,323.97285714285715
2025-02-11,Australia,3.03,1.0,297.81,39.6,0.3,3.76,23.6,1,2,0,1007.12,325.78,56.8,453.64666666666653,397.1114285714286,365.83714285714285
2025-02-12,Australia,130.72,4.0,331.5075,37.45,18.8,1.185,19.625,2,2,0,3.03,28.04,248.42,346.0633333333332,389.42999999999995,328.6485714285714
2025-02-13,Australia,225.67,4.0,353.35249999999996,36.625,21.825000000000003,0.4475,16.25,3,2,0,130.72,1007.12,686.96,380.2899999999998,372.6157142857143,302.78499999999997
2025-02-14,Australia,82.7,3.0,340.4533333333333,31.633333333333336,14.166666666666666,1.92,21.933333333333334,4,2,0,225.67,3.03,426.66,119.8066666666665,306.71714285714285,294.7285714285714
2025-02-15,Australia,391.52000000000004,3.0,337.5333333333333,34.43333333333333,2.566666666666667,2.9166666666666665,20.566666666666666,5,2,1,82.7,130.72,325.78,146.3633333333332,257.58,263.68
2025-02-16,Australia,330.82,4.0,338.5125,39.475,6.800000000000001,1.9400000000000002,22.05,6,2,1,391.52000000000004,225.67,28.04,233.29666666666654,266.9714285714286,282.39785714285716
2025-02-17,Australia,344.53000000000003,7.0,342.77,37.214285714285715,18.957142857142856,1.3471428571428572,18.771428571428572,0,2,0,330.82,82.7,1007.12,268.3466666666665,310.2257142857143,283.56142857142856
2025-02-18,Australia,803.6899999999999,5.0,355.224,36.04,20.34,0.7959999999999999,23.82,1,2,0,344.53000000000003,391.52000000000004,3.03,355.6233333333332,215.57000000000002,306.34071428571434
2025-02-19,Australia,1333.36,7.0,342.78285714285715,38.9,15.72857142857143,1.1457142857142857,26.985714285714288,2,2,0,803.6899999999999,330.82,130.72,493.01333333333315,329.94999999999993,359.69
2025-02-20,Australia,541.74,6.0,345.445,36.016666666666666,8.5,0.7083333333333334,18.066666666666666,3,2,0,1333.36,344.53000000000003,225.67,827.193333333333,501.7557142857143,437.1857142857143
2025-02-21,Australia,304.54,2.0,347.68,38.75,8.7,1.685,27.9,4,2,0,541.74,803.6899999999999,82.7,892.9299999999998,546.9085714285713,426.8128571428571
2025-02-22,Australia,615.05,5.0,332.662,40.660000000000004,26.54,1.986,27.439999999999998,5,2,1,304.54,1333.36,391.52000000000004,726.5466666666665,578.6,418.09000000000003
2025-02-23,Australia,2456.81,6.0,365.7366666666667,38.11666666666667,21.916666666666668,1.9916666666666665,13.283333333333333,6,2,1,615.05,541.74,330.82,487.10999999999984,610.5328571428571,438.7521428571429
2025-02-24,Australia,75.35000000000001,4.0,330.47,39.050000000000004,23.825,2.4075,25.65,0,2,0,2456.81,304.54,344.53000000000003,1125.4666666666665,914.2457142857141,612.2357142857143
2025-02-25,Australia,100.65,2.0,338.255,37.35,37.95,1.405,31.35,1,2,0,75.35000000000001,615.05,803.6899999999999,1049.0699999999997,875.7914285714286,545.6807142857143
2025-02-26,Australia,696.33,5.0,340.28000000000003,38.36,23.88,0.916,19.240000000000002,2,2,0,100.65,2456.81,1333.36,877.603333333333,775.3571428571429,552.6535714285714
2025-02-27,Australia,1209.62,1.0,428.66,31.2,3.4,5.05,16.9,3,2,0,696.33,75.35000000000001,541.74,290.77666666666653,684.3528571428571,593.0542857142857
2025-02-28,Australia,733.18,4.0,346.7525,38.975,7.8,0.6225,19.175,4,2,0,1209.62,100.65,304.54,668.8666666666664,779.7642857142857,663.3364285714285
2025-03-01,Australia,0.0,0.0,346.7525,38.975,7.8,0.6225,19.175,5,3,1,733.18,696.33,615.05,879.7099999999997,840.9985714285714,709.7992857142857
2025-03-02,Australia,0.0,0.0,346.7525,38.975,7.8,0.6225,19.175,6,3,1,0.0,1209.62,2456.81,647.5999999999998,753.1342857142856,681.8335714285714
2025-03-03,Australia,0.0,0.0,346.7525,38.975,7.8,0.6225,19.175,0,3,0,0.0,733.18,75.35000000000001,244.39333333333317,402.16142857142853,658.2035714285714
2025-03-04,Australia,0.0,0.0,346.7525,38.975,7.8,0.6225,19.175,1,3,0,0.0,0.0,100.65,0.0,391.3971428571428,633.5942857142857
2025-03-05,Australia,0.0,0.0,346.7525,38.975,7.8,0.6225,19.175,2,3,0,0.0,0.0,696.33,0.0,377.01857142857136,576.1878571428572
2025-03-06,Australia,0.0,0.0,346.7525,38.975,7.8,0.6225,19.175,3,3,0,0.0,0.0,1209.62,0.0,277.5428571428571,480.9478571428572
2025-03-07,Australia,0.0,0.0,346.7525,38.975,7.8,0.6225,19.175,4,3,0,0.0,0.0,733.18,0.0,104.74,442.2521428571428
2025-03-08,Australia,0.0,0.0,346.7525,38.975,7.8,0.6225,19.175,5,3,1,0.0,0.0,0.0,0.0,0.0,420.4992857142857
2025-03-09,Australia,0.0,0.0,346.7525,38.975,7.8,0.6225,19.175,6,3,1,0.0,0.0,0.0,0.0,0.0,376.56714285714287
2025-03-10,Australia,0.0,0.0,346.7525,38.975,7.8,0.6225,19.175,0,3,0,0.0,0.0,0.0,0.0,0.0,201.08071428571427
2025-03-11,Australia,0.0,0.0,346.7525,38.975,7.8,0.6225,19.175,1,3,0,0.0,0.0,0.0,0.0,0.0,195.6985714285714
2025-03-12,Australia,0.0,0.0,346.7525,38.975,7.8,0.6225,19.175,2,3,0,0.0,0.0,0.0,0.0,0.0,188.50928571428568
2025-03-13,Australia,0.0,0.0,346.7525,38.975,7.8,0.6225,19.175,3,3,0,0.0,0.0,0.0,0.0,0.0,138.77142857142854
2025-03-14,Australia,0.0,0.0,346.7525,38.975,7.8,0.6225,19.175,4,3,0,0.0,0.0,0.0,0.0,0.0,52.37
2025-03-15,Australia,0.0,0.0,346.7525,38.975,7.8,0.6225,19.175,5,3,1,0.0,0.0,0.0,0.0,0.0,0.0
2025-03-16,Australia,0.0,0.0,346.7525,38.975,7.8,0.6225,19.175,6,3,1,0.0,0.0,0.0,0.0,0.0,0.0
2025-03-17,Australia,0.0,0.0,346.7525,38.975,7.8,0.6225,19.175,0,3,0,0.0,0.0,0.0,0.0,0.0,0.0
2025-03-18,Australia,0.0,0.0,346.7525,38.975,7.8,0.6225,19.175,1,3,0,0.0,0.0,0.0,0.0,0.0,0.0
2025-03-19,Australia,0.0,0.0,346.7525,38.975,7.8,0.6225,19.175,2,3,0,0.0,0.0,0.0,0.0,0.0,0.0
2025-03-20,Australia,0.0,0.0,346.7525,38.975,7.8,0.6225,19.175,3,3,0,0.0,0.0,0.0,0.0,0.0,0.0
2025-03-21,Australia,0.0,0.0,346.7525,38.975,7.8,0.6225,19.175,4,3,0,0.0,0.0,0.0,0.0,0.0,0.0
2025-03-22,Australia,0.0,0.0,346.7525,38.975,7.8,0.6225,19.175,5,3,1,0.0,0.0,0.0,0.0,0.0,0.0
2025-03-23,Australia,0.0,0.0,346.7525,38.975,7.8,0.6225,19.175,6,3,1,0.0,0.0,0.0,0.0,0.0,0.0
2025-03-24,Australia,0.0,0.0,346.7525,38.975,7.8,0.6225,19.175,0,3,0,0.0,0.0,0.0,0.0,0.0,0.0
2025-03-25,Australia,0.0,0.0,346.7525,38.975,7.8,0.6225,19.175,1,3,0,0.0,0.0,0.0,0.0,0.0,0.0
2025-03-26,Australia,0.0,0.0,346.7525,38.975,7.8,0.6225,19.175,2,3,0,0.0,0.0,0.0,0.0,0.0,0.0
2025-03-27,Australia,0.0,0.0,346.7525,38.975,7.8,0.6225,19.175,3,3,0,0.0,0.0,0.0,0.0,0.0,0.0
2025-03-28,Australia,0.0,0.0,346.7525,38.975,7.8,0.6225,19.175,4,3,0,0.0,0.0,0.0,0.0,0.0,0.0
2025-03-29,Australia,0.0,0.0,346.7525,38.975,7.8,0.6225,19.175,5,3,1,0.0,0.0,0.0,0.0,0.0,0.0
2025-03-30,Australia,0.0,0.0,346.7525,38.975,7.8,0.6225,19.175,6,3,1,0.0,0.0,0.0,0.0,0.0,0.0
2025-03-31,Australia,0.0,0.0,346.7525,38.975,7.8,0.6225,19.175,0,3,0,0.0,0.0,0.0,0.0,0.0,0.0
2025-04-01,Australia,0.0,0.0,346.7525,38.975,7.8,0.6225,19.175,1,4,0,0.0,0.0,0.0,0.0,0.0,0.0
2025-04-02,Australia,0.0,0.0,346.7525,38.975,7.8,0.6225,19.175,2,4,0,0.0,0.0,0.0,0.0,0.0,0.0
2025-04-03,Australia,0.0,0.0,346.7525,38.975,7.8,0.6225,19.175,3,4,0,0.0,0.0,0.0,0.0,0.0,0.0
2025-04-04,Australia,0.0,0.0,346.7525,38.975,7.8,0.6225,19.175,4,4,0,0.0,0.0,0.0,0.0,0.0,0.0
2025-04-05,Australia,0.0,0.0,346.7525,38.975,7.8,0.6225,19.175,5,4,1,0.0,0.0,0.0,0.0,0.0,0.0
2025-04-06,Australia,0.0,0.0,346.7525,38.975,7.8,0.6225,19.175,6,4,1,0.0,0.0,0.0,0.0,0.0,0.0
2025-04-07,Australia,0.0,0.0,346.7525,38.975,7.8,0.6225,19.175,0,4,0,0.0,0.0,0.0,0.0,0.0,0.0
2025-04-08,Australia,0.0,0.0,346.7525,38.975,7.8,0.6225,19.175,1,4,0,0.0,0.0,0.0,0.0,0.0,0.0
2025-04-09,Australia,0.0,0.0,346.7525,38.975,7.8,0.6225,19.175,2,4,0,0.0,0.0,0.0,0.0,0.0,0.0
2025-04-10,Australia,0.0,0.0,346.7525,38.975,7.8,0.6225,19.175,3,4,0,0.0,0.0,0.0,0.0,0.0,0.0
2025-04-11,Australia,0.0,0.0,346.7525,38.975,7.8,0.6225,19.175,4,4,0,0.0,0.0,0.0,0.0,0.0,0.0
2025-04-12,Australia,0.0,0.0,346.7525,38.975,7.8,0.6225,19.175,5,4,1,0.0,0.0,0.0,0.0,0.0,0.0
2025-04-13,Australia,0.0,0.0,346.7525,38.975,7.8,0.6225,19.175,6,4,1,0.0,0.0,0.0,0.0,0.0,0.0
2025-04-14,Australia,0.0,0.0,346.7525,38.975,7.8,0.6225,19.175,0,4,0,0.0,0.0,0.0,0.0,0.0,0.0
2025-04-15,Australia,0.0,0.0,346.7525,38.975,7.8,0.6225,19.175,1,4,0,0.0,0.0,0.0,0.0,0.0,0.0
2025-04-16,Australia,0.0,0.0,346.7525,38.975,7.8,0.6225,19.175,2,4,0,0.0,0.0,0.0,0.0,0.0,0.0
2025-04-17,Australia,0.0,0.0,346.7525,38.975,7.8,0.6225,19.175,3,4,0,0.0,0.0,0.0,0.0,0.0,0.0
2025-04-18,Australia,0.0,0.0,346.7525,38.975,7.8,0.6225,19.175,4,4,0,0.0,0.0,0.0,0.0,0.0,0.0
2025-04-19,Australia,0.0,0.0,346.7525,38.975,7.8,0.6225,19.175,5,4,1,0.0,0.0,0.0,0.0,0.0,0.0
2025-04-20,Australia,0.0,0.0,346.7525,38.975,7.8,0.6225,19.175,6,4,1,0.0,0.0,0.0,0.0,0.0,0.0
2025-04-21,Australia,0.0,0.0,346.7525,38.975,7.8,0.6225,19.175,0,4,0,0.0,0.0,0.0,0.0,0.0,0.0
2025-04-22,Australia,0.0,0.0,346.7525,38.975,7.8,0.6225,19.175,1,4,0,0.0,0.0,0.0,0.0,0.0,0.0
2025-04-23,Australia,0.0,0.0,346.7525,38.975,7.8,0.6225,19.175,2,4,0,0.0,0.0,0.0,0.0,0.0,0.0
2025-04-24,Australia,0.0,0.0,346.7525,38.975,7.8,0.6225,19.175,3,4,0,0.0,0.0,0.0,0.0,0.0,0.0
2025-04-25,Australia,0.0,0.0,346.7525,38.975,7.8,0.6225,19.175,4,4,0,0.0,0.0,0.0,0.0,0.0,0.0
2025-04-26,Australia,0.0,0.0,346.7525,38.975,7.8,0.6225,19.175,5,4,1,0.0,0.0,0.0,0.0,0.0,0.0
2025-04-27,Australia,0.0,0.0,346.7525,38.975,7.8,0.6225,19.175,6,4,1,0.0,0.0,0.0,0.0,0.0,0.0
2025-04-28,Australia,0.0,0.0,346.7525,38.975,7.8,0.6225,19.175,0,4,0,0.0,0.0,0.0,0.0,0.0,0.0
2025-04-29,Australia,0.0,0.0,346.7525,38.975,7.8,0.6225,19.175,1,4,0,0.0,0.0,0.0,0.0,0.0,0.0
2025-04-30,Australia,0.0,0.0,346.7525,38.975,7.8,0.6225,19.175,2,4,0,0.0,0.0,0.0,0.0,0.0,0.0
2025-05-01,Australia,0.0,0.0,346.7525,38.975,7.8,0.6225,19.175,3,5,0,0.0,0.0,0.0,0.0,0.0,0.0
2025-05-02,Australia,0.0,0.0,346.7525,38.975,7.8,0.6225,19.175,4,5,0,0.0,0.0,0.0,0.0,0.0,0.0
2025-05-03,Australia,0.0,0.0,346.7525,38.975,7.8,0.6225,19.175,5,5,1,0.0,0.0,0.0,0.0,0.0,0.0
2025-05-04,Australia,0.0,0.0,346.7525,38.975,7.8,0.6225,19.175,6,5,1,0.0,0.0,0.0,0.0,0.0,0.0
2025-05-05,Australia,0.0,0.0,346.7525,38.975,7.8,0.6225,19.175,0,5,0,0.0,0.0,0.0,0.0,0.0,0.0
2025-05-06,Australia,0.0,0.0,346.7525,38.975,7.8,0.6225,19.175,1,5,0,0.0,0.0,0.0,0.0,0.0,0.0
2025-05-07,Australia,0.0,0.0,346.7525,38.975,7.8,0.6225,19.175,2,5,0,0.0,0.0,0.0,0.0,0.0,0.0
2025-05-08,Australia,0.0,0.0,346.7525,38.975,7.8,0.6225,19.175,3,5,0,0.0,0.0,0.0,0.0,0.0,0.0
2025-05-09,Australia,0.0,0.0,346.7525,38.975,7.8,0.6225,19.175,4,5,0,0.0,0.0,0.0,0.0,0.0,0.0
2025-05-10,Australia,0.0,0.0,346.7525,38.975,7.8,0.6225,19.175,5,5,1,0.0,0.0,0.0,0.0,0.0,0.0
2025-05-11,Australia,0.0,0.0,346.7525,38.975,7.8,0.6225,19.175,6,5,1,0.0,0.0,0.0,0.0,0.0,0.0
2025-05-12,Australia,0.0,0.0,346.7525,38.975,7.8,0.6225,19.175,0,5,0,0.0,0.0,0.0,0.0,0.0,0.0
2025-05-13,Australia,0.0,0.0,346.7525,38.975,7.8,0.6225,19.175,1,5,0,0.0,0.0,0.0,0.0,0.0,0.0
2025-05-14,Australia,0.0,0.0,346.7525,38.975,7.8,0.6225,19.175,2,5,0,0.0,0.0,0.0,0.0,0.0,0.0
2025-05-15,Australia,0.0,0.0,346.7525,38.975,7.8,0.6225,19.175,3,5,0,0.0,0.0,0.0,0.0,0.0,0.0
2025-05-16,Australia,0.0,0.0,346.7525,38.975,7.8,0.6225,19.175,4,5,0,0.0,0.0,0.0,0.0,0.0,0.0
2025-05-17,Australia,0.0,0.0,346.7525,38.975,7.8,0.6225,19.175,5,5,1,0.0,0.0,0.0,0.0,0.0,0.0
2025-05-18,Australia,0.0,0.0,346.7525,38.975,7.8,0.6225,19.175,6,5,1,0.0,0.0,0.0,0.0,0.0,0.0
2025-05-19,Australia,0.0,0.0,346.7525,38.975,7.8,0.6225,19.175,0,5,0,0.0,0.0,0.0,0.0,0.0,0.0
2025-05-20,Australia,0.0,0.0,346.7525,38.975,7.8,0.6225,19.175,1,5,0,0.0,0.0,0.0,0.0,0.0,0.0
2025-05-21,Australia,0.0,0.0,346.7525,38.975,7.8,0.6225,19.175,2,5,0,0.0,0.0,0.0,0.0,0.0,0.0
2025-05-22,Australia,0.0,0.0,346.7525,38.975,7.8,0.6225,19.175,3,5,0,0.0,0.0,0.0,0.0,0.0,0.0
2025-05-23,Australia,0.0,0.0,346.7525,38.975,7.8,0.6225,19.175,4,5,0,0.0,0.0,0.0,0.0,0.0,0.0
2025-05-24,Australia,0.0,0.0,346.7525,38.975,7.8,0.6225,19.175,5,5,1,0.0,0.0,0.0,0.0,0.0,0.0
2025-05-25,Australia,0.0,0.0,346.7525,38.975,7.8,0.6225,19.175,6,5,1,0.0,0.0,0.0,0.0,0.0,0.0
2025-05-26,Australia,0.0,0.0,346.7525,38.975,7.8,0.6225,19.175,0,5,0,0.0,0.0,0.0,0.0,0.0,0.0
2025-05-27,Australia,0.0,0.0,346.7525,38.975,7.8,0.6225,19.175,1,5,0,0.0,0.0,0.0,0.0,0.0,0.0
2025-05-28,Australia,0.0,0.0,346.7525,38.975,7.8,0.6225,19.175,2,5,0,0.0,0.0,0.0,0.0,0.0,0.0
2025-05-29,Australia,0.0,0.0,346.7525,38.975,7.8,0.6225,19.175,3,5,0,0.0,0.0,0.0,0.0,0.0,0.0
2025-05-30,Australia,0.0,0.0,346.7525,38.975,7.8,0.6225,19.175,4,5,0,0.0,0.0,0.0,0.0,0.0,0.0
2025-05-31,Australia,0.0,0.0,346.7525,38.975,7.8,0.6225,19.175,5,5,1,0.0,0.0,0.0,0.0,0.0,0.0
2025-06-01,Australia,0.0,0.0,346.7525,38.975,7.8,0.6225,19.175,6,6,1,0.0,0.0,0.0,0.0,0.0,0.0
2025-06-02,Australia,0.0,0.0,346.7525,38.975,7.8,0.6225,19.175,0,6,0,0.0,0.0,0.0,0.0,0.0,0.0
2025-06-03,Australia,0.0,0.0,346.7525,38.975,7.8,0.6225,19.175,1,6,0,0.0,0.0,0.0,0.0,0.0,0.0
2025-06-04,Australia,0.0,0.0,346.7525,38.975,7.8,0.6225,19.175,2,6,0,0.0,0.0,0.0,0.0,0.0,0.0
2025-06-05,Australia,0.0,0.0,346.7525,38.975,7.8,0.6225,19.175,3,6,0,0.0,0.0,0.0,0.0,0.0,0.0
2025-06-06,Australia,0.0,0.0,346.7525,38.975,7.8,0.6225,19.175,4,6,0,0.0,0.0,0.0,0.0,0.0,0.0
2025-06-07,Australia,0.0,0.0,346.7525,38.975,7.8,0.6225,19.175,5,6,1,0.0,0.0,0.0,0.0,0.0,0.0
2025-06-08,Australia,0.0,0.0,346.7525,38.975,7.8,0.6225,19.175,6,6,1,0.0,0.0,0.0,0.0,0.0,0.0
2025-06-09,Australia,0.0,0.0,346.7525,38.975,7.8,0.6225,19.175,0,6,0,0.0,0.0,0.0,0.0,0.0,0.0
2025-06-10,Australia,0.0,0.0,346.7525,38.975,7.8,0.6225,19.175,1,6,0,0.0,0.0,0.0,0.0,0.0,0.0
2025-06-11,Australia,0.0,0.0,346.7525,38.975,7.8,0.6225,19.175,2,6,0,0.0,0.0,0.0,0.0,0.0,0.0
2025-06-12,Australia,0.0,0.0,346.7525,38.975,7.8,0.6225,19.175,3,6,0,0.0,0.0,0.0,0.0,0.0,0.0
2025-06-13,Australia,0.0,0.0,346.7525,38.975,7.8,0.6225,19.175,4,6,0,0.0,0.0,0.0,0.0,0.0,0.0
2025-06-14,Australia,0.0,0.0,346.7525,38.975,7.8,0.6225,19.175,5,6,1,0.0,0.0,0.0,0.0,0.0,0.0
2025-06-15,Australia,0.0,0.0,346.7525,38.975,7.8,0.6225,19.175,6,6,1,0.0,0.0,0.0,0.0,0.0,0.0
2025-06-16,Australia,0.0,0.0,346.7525,38.975,7.8,0.6225,19.175,0,6,0,0.0,0.0,0.0,0.0,0.0,0.0
2025-06-17,Australia,0.0,0.0,346.7525,38.975,7.8,0.6225,19.175,1,6,0,0.0,0.0,0.0,0.0,0.0,0.0
2025-06-18,Australia,0.0,0.0,346.7525,38.975,7.8,0.6225,19.175,2,6,0,0.0,0.0,0.0,0.0,0.0,0.0
2025-06-19,Australia,0.0,0.0,346.7525,38.975,7.8,0.6225,19.175,3,6,0,0.0,0.0,0.0,0.0,0.0,0.0
2025-06-20,Australia,0.0,0.0,346.7525,38.975,7.8,0.6225,19.175,4,6,0,0.0,0.0,0.0,0.0,0.0,0.0
2025-06-21,Australia,0.0,0.0,346.7525,38.975,7.8,0.6225,19.175,5,6,1,0.0,0.0,0.0,0.0,0.0,0.0
2025-06-22,Australia,0.0,0.0,346.7525,38.975,7.8,0.6225,19.175,6,6,1,0.0,0.0,0.0,0.0,0.0,0.0
2025-06-23,Australia,0.0,0.0,346.7525,38.975,7.8,0.6225,19.175,0,6,0,0.0,0.0,0.0,0.0,0.0,0.0
2025-06-24,Australia,0.0,0.0,346.7525,38.975,7.8,0.6225,19.175,1,6,0,0.0,0.0,0.0,0.0,0.0,0.0
2025-06-25,Australia,0.0,0.0,346.7525,38.975,7.8,0.6225,19.175,2,6,0,0.0,0.0,0.0,0.0,0.0,0.0
2025-06-26,Australia,0.0,0.0,346.7525,38.975,7.8,0.6225,19.175,3,6,0,0.0,0.0,0.0,0.0,0.0,0.0
2025-06-27,Australia,0.0,0.0,346.7525,38.975,7.8,0.6225,19.175,4,6,0,0.0,0.0,0.0,0.0,0.0,0.0
2025-06-28,Australia,0.0,0.0,346.7525,38.975,7.8,0.6225,19.175,5,6,1,0.0,0.0,0.0,0.0,0.0,0.0
2025-06-29,Australia,0.0,0.0,346.7525,38.975,7.8,0.6225,19.175,6,6,1,0.0,0.0,0.0,0.0,0.0,0.0
2025-06-30,Australia,0.0,0.0,346.7525,38.975,7.8,0.6225,19.175,0,6,0,0.0,0.0,0.0,0.0,0.0,0.0
2025-07-01,Australia,0.0,0.0,346.7525,38.975,7.8,0.6225,19.175,1,7,0,0.0,0.0,0.0,0.0,0.0,0.0
2025-07-02,Australia,0.0,0.0,346.7525,38.975,7.8,0.6225,19.175,2,7,0,0.0,0.0,0.0,0.0,0.0,0.0
2025-07-03,Australia,0.0,0.0,346.7525,38.975,7.8,0.6225,19.175,3,7,0,0.0,0.0,0.0,0.0,0.0,0.0
2025-07-04,Australia,0.0,0.0,346.7525,38.975,7.8,0.6225,19.175,4,7,0,0.0,0.0,0.0,0.0,0.0,0.0
2025-07-05,Australia,0.0,0.0,346.7525,38.975,7.8,0.6225,19.175,5,7,1,0.0,0.0,0.0,0.0,0.0,0.0
2025-07-06,Australia,0.0,0.0,346.7525,38.975,7.8,0.6225,19.175,6,7,1,0.0,0.0,0.0,0.0,0.0,0.0
2025-07-07,Australia,0.0,0.0,346.7525,38.975,7.8,0.6225,19.175,0,7,0,0.0,0.0,0.0,0.0,0.0,0.0
2025-07-08,Australia,0.0,0.0,346.7525,38.975,7.8,0.6225,19.175,1,7,0,0.0,0.0,0.0,0.0,0.0,0.0
2025-07-09,Australia,0.0,0.0,346.7525,38.975,7.8,0.6225,19.175,2,7,0,0.0,0.0,0.0,0.0,0.0,0.0
2025-07-10,Australia,0.0,0.0,346.7525,38.975,7.8,0.6225,19.175,3,7,0,0.0,0.0,0.0,0.0,0.0,0.0
2025-07-11,Australia,0.0,0.0,346.7525,38.975,7.8,0.6225,19.175,4,7,0,0.0,0.0,0.0,0.0,0.0,0.0
2025-07-12,Australia,0.0,0.0,346.7525,38.975,7.8,0.6225,19.175,5,7,1,0.0,0.0,0.0,0.0,0.0,0.0
2025-07-13,Australia,0.0,0.0,346.7525,38.975,7.8,0.6225,19.175,6,7,1,0.0,0.0,0.0,0.0,0.0,0.0
2025-07-14,Australia,0.0,0.0,346.7525,38.975,7.8,0.6225,19.175,0,7,0,0.0,0.0,0.0,0.0,0.0,0.0
2025-07-15,Australia,0.0,0.0,346.7525,38.975,7.8,0.6225,19.175,1,7,0,0.0,0.0,0.0,0.0,0.0,0.0
2025-07-16,Australia,0.0,0.0,346.7525,38.975,7.8,0.6225,19.175,2,7,0,0.0,0.0,0.0,0.0,0.0,0.0
2025-07-17,Australia,0.0,0.0,346.7525,38.975,7.8,0.6225,19.175,3,7,0,0.0,0.0,0.0,0.0,0.0,0.0
2025-07-18,Australia,0.0,0.0,346.7525,38.975,7.8,0.6225,19.175,4,7,0,0.0,0.0,0.0,0.0,0.0,0.0
2025-07-19,Australia,0.0,0.0,346.7525,38.975,7.8,0.6225,19.175,5,7,1,0.0,0.0,0.0,0.0,0.0,0.0
2025-07-20,Australia,0.0,0.0,346.7525,38.975,7.8,0.6225,19.175,6,7,1,0.0,0.0,0.0,0.0,0.0,0.0
2025-07-21,Australia,0.0,0.0,346.7525,38.975,7.8,0.6225,19.175,0,7,0,0.0,0.0,0.0,0.0,0.0,0.0
2025-07-22,Australia,0.0,0.0,346.7525,38.975,7.8,0.6225,19.175,1,7,0,0.0,0.0,0.0,0.0,0.0,0.0
2025-07-23,Australia,0.0,0.0,346.7525,38.975,7.8,0.6225,19.175,2,7,0,0.0,0.0,0.0,0.0,0.0,0.0
2025-07-24,Australia,0.0,0.0,346.7525,38.975,7.8,0.6225,19.175,3,7,0,0.0,0.0,0.0,0.0,0.0,0.0
2025-07-25,Australia,0.0,0.0,346.7525,38.975,7.8,0.6225,19.175,4,7,0,0.0,0.0,0.0,0.0,0.0,0.0
2025-07-26,Australia,0.0,0.0,346.7525,38.975,7.8,0.6225,19.175,5,7,1,0.0,0.0,0.0,0.0,0.0,0.0
2025-07-27,Australia,0.0,0.0,346.7525,38.975,7.8,0.6225,19.175,6,7,1,0.0,0.0,0.0,0.0,0.0,0.0
2025-07-28,Australia,0.0,0.0,346.7525,38.975,7.8,0.6225,19.175,0,7,0,0.0,0.0,0.0,0.0,0.0,0.0
2025-07-29,Australia,0.0,0.0,346.7525,38.975,7.8,0.6225,19.175,1,7,0,0.0,0.0,0.0,0.0,0.0,0.0
2025-07-30,Australia,0.0,0.0,346.7525,38.975,7.8,0.6225,19.175,2,7,0,0.0,0.0,0.0,0.0,0.0,0.0
2025-07-31,Australia,0.0,0.0,346.7525,38.975,7.8,0.6225,19.175,3,7,0,0.0,0.0,0.0,0.0,0.0,0.0
2025-08-01,Australia,0.0,0.0,346.7525,38.975,7.8,0.6225,19.175,4,8,0,0.0,0.0,0.0,0.0,0.0,0.0
2025-08-02,Australia,0.0,0.0,346.7525,38.975,7.8,0.6225,19.175,5,8,1,0.0,0.0,0.0,0.0,0.0,0.0
2025-08-03,Australia,0.0,0.0,346.7525,38.975,7.8,0.6225,19.175,6,8,1,0.0,0.0,0.0,0.0,0.0,0.0
2025-08-04,Australia,0.0,0.0,346.7525,38.975,7.8,0.6225,19.175,0,8,0,0.0,0.0,0.0,0.0,0.0,0.0
2025-08-05,Australia,0.0,0.0,346.7525,38.975,7.8,0.6225,19.175,1,8,0,0.0,0.0,0.0,0.0,0.0,0.0
2025-08-06,Australia,0.0,0.0,346.7525,38.975,7.8,0.6225,19.175,2,8,0,0.0,0.0,0.0,0.0,0.0,0.0
2025-08-07,Australia,0.0,0.0,346.7525,38.975,7.8,0.6225,19.175,3,8,0,0.0,0.0,0.0,0.0,0.0,0.0
2025-08-08,Australia,0.0,0.0,346.7525,38.975,7.8,0.6225,19.175,4,8,0,0.0,0.0,0.0,0.0,0.0,0.0
2025-08-09,Australia,0.0,0.0,346.7525,38.975,7.8,0.6225,19.175,5,8,1,0.0,0.0,0.0,0.0,0.0,0.0
2025-08-10,Australia,0.0,0.0,346.7525,38.975,7.8,0.6225,19.175,6,8,1,0.0,0.0,0.0,0.0,0.0,0.0
2025-08-11,Australia,0.0,0.0,346.7525,38.975,7.8,0.6225,19.175,0,8,0,0.0,0.0,0.0,0.0,0.0,0.0
2025-08-12,Australia,0.0,0.0,346.7525,38.975,7.8,0.6225,19.175,1,8,0,0.0,0.0,0.0,0.0,0.0,0.0
2025-08-13,Australia,0.0,0.0,346.7525,38.975,7.8,0.6225,19.175,2,8,0,0.0,0.0,0.0,0.0,0.0,0.0
2025-08-14,Australia,0.0,0.0,346.7525,38.975,7.8,0.6225,19.175,3,8,0,0.0,0.0,0.0,0.0,0.0,0.0
2025-08-15,Australia,0.0,0.0,346.7525,38.975,7.8,0.6225,19.175,4,8,0,0.0,0.0,0.0,0.0,0.0,0.0
2025-08-16,Australia,0.0,0.0,346.7525,38.975,7.8,0.6225,19.175,5,8,1,0.0,0.0,0.0,0.0,0.0,0.0
2025-08-17,Australia,0.0,0.0,346.7525,38.975,7.8,0.6225,19.175,6,8,1,0.0,0.0,0.0,0.0,0.0,0.0
2025-08-18,Australia,0.0,0.0,346.7525,38.975,7.8,0.6225,19.175,0,8,0,0.0,0.0,0.0,0.0,0.0,0.0
2025-08-19,Australia,0.0,0.0,346.7525,38.975,7.8,0.6225,19.175,1,8,0,0.0,0.0,0.0,0.0,0.0,0.0
2025-08-20,Australia,0.0,0.0,346.7525,38.975,7.8,0.6225,19.175,2,8,0,0.0,0.0,0.0,0.0,0.0,0.0
2025-08-21,Australia,0.0,0.0,346.7525,38.975,7.8,0.6225,19.175,3,8,0,0.0,0.0,0.0,0.0,0.0,0.0
2025-08-22,Australia,0.0,0.0,346.7525,38.975,7.8,0.6225,19.175,4,8,0,0.0,0.0,0.0,0.0,0.0,0.0
2025-08-23,Australia,0.0,0.0,346.7525,38.975,7.8,0.6225,19.175,5,8,1,0.0,0.0,0.0,0.0,0.0,0.0
2025-08-24,Australia,0.0,0.0,346.7525,38.975,7.8,0.6225,19.175,6,8,1,0.0,0.0,0.0,0.0,0.0,0.0
2025-08-25,Australia,0.0,0.0,346.7525,38.975,7.8,0.6225,19.175,0,8,0,0.0,0.0,0.0,0.0,0.0,0.0
2025-08-26,Australia,0.0,0.0,346.7525,38.975,7.8,0.6225,19.175,1,8,0,0.0,0.0,0.0,0.0,0.0,0.0
2025-08-27,Australia,0.0,0.0,346.7525,38.975,7.8,0.6225,19.175,2,8,0,0.0,0.0,0.0,0.0,0.0,0.0
2025-08-28,Australia,0.0,0.0,346.7525,38.975,7.8,0.6225,19.175,3,8,0,0.0,0.0,0.0,0.0,0.0,0.0
2025-08-29,Australia,0.0,0.0,346.7525,38.975,7.8,0.6225,19.175,4,8,0,0.0,0.0,0.0,0.0,0.0,0.0
2025-08-30,Australia,0.0,0.0,346.7525,38.975,7.8,0.6225,19.175,5,8,1,0.0,0.0,0.0,0.0,0.0,0.0
2025-08-31,Australia,0.0,0.0,346.7525,38.975,7.8,0.6225,19.175,6,8,1,0.0,0.0,0.0,0.0,0.0,0.0
2025-09-01,Australia,0.0,0.0,346.7525,38.975,7.8,0.6225,19.175,0,9,0,0.0,0.0,0.0,0.0,0.0,0.0
2025-09-02,Australia,0.0,0.0,346.7525,38.975,7.8,0.6225,19.175,1,9,0,0.0,0.0,0.0,0.0,0.0,0.0
2025-09-03,Australia,0.0,0.0,346.7525,38.975,7.8,0.6225,19.175,2,9,0,0.0,0.0,0.0,0.0,0.0,0.0
2025-09-04,Australia,0.0,0.0,346.7525,38.975,7.8,0.6225,19.175,3,9,0,0.0,0.0,0.0,0.0,0.0,0.0
2025-09-05,Australia,0.0,0.0,346.7525,38.975,7.8,0.6225,19.175,4,9,0,0.0,0.0,0.0,0.0,0.0,0.0
2025-09-06,Australia,0.0,0.0,346.7525,38.975,7.8,0.6225,19.175,5,9,1,0.0,0.0,0.0,0.0,0.0,0.0
2025-09-07,Australia,0.0,0.0,346.7525,38.975,7.8,0.6225,19.175,6,9,1,0.0,0.0,0.0,0.0,0.0,0.0
2025-09-08,Australia,0.0,0.0,346.7525,38.975,7.8,0.6225,19.175,0,9,0,0.0,0.0,0.0,0.0,0.0,0.0
2025-09-09,Australia,0.0,0.0,346.7525,38.975,7.8,0.6225,19.175,1,9,0,0.0,0.0,0.0,0.0,0.0,0.0
2025-09-10,Australia,0.0,0.0,346.7525,38.975,7.8,0.6225,19.175,2,9,0,0.0,0.0,0.0,0.0,0.0,0.0
2025-09-11,Australia,0.0,0.0,346.7525,38.975,7.8,0.6225,19.175,3,9,0,0.0,0.0,0.0,0.0,0.0,0.0
2025-09-12,Australia,0.0,0.0,346.7525,38.975,7.8,0.6225,19.175,4,9,0,0.0,0.0,0.0,0.0,0.0,0.0
2025-09-13,Australia,0.0,0.0,346.7525,38.975,7.8,0.6225,19.175,5,9,1,0.0,0.0,0.0,0.0,0.0,0.0
2025-09-14,Australia,0.0,0.0,346.7525,38.975,7.8,0.6225,19.175,6,9,1,0.0,0.0,0.0,0.0,0.0,0.0
2025-09-15,Australia,0.0,0.0,346.7525,38.975,7.8,0.6225,19.175,0,9,0,0.0,0.0,0.0,0.0,0.0,0.0
2025-09-16,Australia,0.0,0.0,346.7525,38.975,7.8,0.6225,19.175,1,9,0,0.0,0.0,0.0,0.0,0.0,0.0
2025-09-17,Australia,0.0,0.0,346.7525,38.975,7.8,0.6225,19.175,2,9,0,0.0,0.0,0.0,0.0,0.0,0.0
2025-09-18,Australia,0.0,0.0,346.7525,38.975,7.8,0.6225,19.175,3,9,0,0.0,0.0,0.0,0.0,0.0,0.0
2025-09-19,Australia,0.0,0.0,346.7525,38.975,7.8,0.6225,19.175,4,9,0,0.0,0.0,0.0,0.0,0.0,0.0
2025-09-20,Australia,0.0,0.0,346.7525,38.975,7.8,0.6225,19.175,5,9,1,0.0,0.0,0.0,0.0,0.0,0.0
2025-09-21,Australia,0.0,0.0,346.7525,38.975,7.8,0.6225,19.175,6,9,1,0.0,0.0,0.0,0.0,0.0,0.0
2025-09-22,Australia,0.0,0.0,346.7525,38.975,7.8,0.6225,19.175,0,9,0,0.0,0.0,0.0,0.0,0.0,0.0
2025-09-23,Australia,0.0,0.0,346.7525,38.975,7.8,0.6225,19.175,1,9,0,0.0,0.0,0.0,0.0,0.0,0.0
2025-09-24,Australia,0.0,0.0,346.7525,38.975,7.8,0.6225,19.175,2,9,0,0.0,0.0,0.0,0.0,0.0,0.0
2025-09-25,Australia,0.0,0.0,346.7525,38.975,7.8,0.6225,19.175,3,9,0,0.0,0.0,0.0,0.0,0.0,0.0
2025-09-26,Australia,0.0,0.0,346.7525,38.975,7.8,0.6225,19.175,4,9,0,0.0,0.0,0.0,0.0,0.0,0.0
2025-09-27,Australia,0.0,0.0,346.7525,38.975,7.8,0.6225,19.175,5,9,1,0.0,0.0,0.0,0.0,0.0,0.0
2025-09-28,Australia,0.0,0.0,346.7525,38.975,7.8,0.6225,19.175,6,9,1,0.0,0.0,0.0,0.0,0.0,0.0
2025-09-29,Australia,0.0,0.0,346.7525,38.975,7.8,0.6225,19.175,0,9,0,0.0,0.0,0.0,0.0,0.0,0.0
2025-09-30,Australia,0.0,0.0,346.7525,38.975,7.8,0.6225,19.175,1,9,0,0.0,0.0,0.0,0.0,0.0,0.0
2025-10-01,Australia,0.0,0.0,346.7525,38.975,7.8,0.6225,19.175,2,10,0,0.0,0.0,0.0,0.0,0.0,0.0
2025-10-02,Australia,0.0,0.0,346.7525,38.975,7.8,0.6225,19.175,3,10,0,0.0,0.0,0.0,0.0,0.0,0.0
2025-10-03,Australia,0.0,0.0,346.7525,38.975,7.8,0.6225,19.175,4,10,0,0.0,0.0,0.0,0.0,0.0,0.0
2025-10-04,Australia,0.0,0.0,346.7525,38.975,7.8,0.6225,19.175,5,10,1,0.0,0.0,0.0,0.0,0.0,0.0
2025-10-05,Australia,0.0,0.0,346.7525,38.975,7.8,0.6225,19.175,6,10,1,0.0,0.0,0.0,0.0,0.0,0.0
2025-10-06,Australia,0.0,0.0,346.7525,38.975,7.8,0.6225,19.175,0,10,0,0.0,0.0,0.0,0.0,0.0,0.0
2025-10-07,Australia,0.0,0.0,346.7525,38.975,7.8,0.6225,19.175,1,10,0,0.0,0.0,0.0,0.0,0.0,0.0
2025-10-08,Australia,0.0,0.0,346.7525,38.975,7.8,0.6225,19.175,2,10,0,0.0,0.0,0.0,0.0,0.0,0.0
2025-10-09,Australia,0.0,0.0,346.7525,38.975,7.8,0.6225,19.175,3,10,0,0.0,0.0,0.0,0.0,0.0,0.0
2025-10-10,Australia,0.0,0.0,346.7525,38.975,7.8,0.6225,19.175,4,10,0,0.0,0.0,0.0,0.0,0.0,0.0
2025-10-11,Australia,0.0,0.0,346.7525,38.975,7.8,0.6225,19.175,5,10,1,0.0,0.0,0.0,0.0,0.0,0.0
2025-10-12,Australia,0.0,0.0,346.7525,38.975,7.8,0.6225,19.175,6,10,1,0.0,0.0,0.0,0.0,0.0,0.0
2025-10-13,Australia,0.0,0.0,346.7525,38.975,7.8,0.6225,19.175,0,10,0,0.0,0.0,0.0,0.0,0.0,0.0
2025-10-14,Australia,0.0,0.0,346.7525,38.975,7.8,0.6225,19.175,1,10,0,0.0,0.0,0.0,0.0,0.0,0.0
2025-10-15,Australia,0.0,0.0,346.7525,38.975,7.8,0.6225,19.175,2,10,0,0.0,0.0,0.0,0.0,0.0,0.0
2025-10-16,Australia,0.0,0.0,346.7525,38.975,7.8,0.6225,19.175,3,10,0,0.0,0.0,0.0,0.0,0.0,0.0
2025-10-17,Australia,0.0,0.0,346.7525,38.975,7.8,0.6225,19.175,4,10,0,0.0,0.0,0.0,0.0,0.0,0.0
2025-10-18,Australia,0.0,0.0,346.7525,38.975,7.8,0.6225,19.175,5,10,1,0.0,0.0,0.0,0.0,0.0,0.0
2025-10-19,Australia,0.0,0.0,346.7525,38.975,7.8,0.6225,19.175,6,10,1,0.0,0.0,0.0,0.0,0.0,0.0
2025-10-20,Australia,0.0,0.0,346.7525,38.975,7.8,0.6225,19.175,0,10,0,0.0,0.0,0.0,0.0,0.0,0.0
2025-10-21,Australia,0.0,0.0,346.7525,38.975,7.8,0.6225,19.175,1,10,0,0.0,0.0,0.0,0.0,0.0,0.0
2025-10-22,Australia,0.0,0.0,346.7525,38.975,7.8,0.6225,19.175,2,10,0,0.0,0.0,0.0,0.0,0.0,0.0
2025-10-23,Australia,0.0,0.0,346.7525,38.975,7.8,0.6225,19.175,3,10,0,0.0,0.0,0.0,0.0,0.0,0.0
2025-10-24,Australia,0.0,0.0,346.7525,38.975,7.8,0.6225,19.175,4,10,0,0.0,0.0,0.0,0.0,0.0,0.0
2025-10-25,Australia,0.0,0.0,346.7525,38.975,7.8,0.6225,19.175,5,10,1,0.0,0.0,0.0,0.0,0.0,0.0
2025-10-26,Australia,0.0,0.0,346.7525,38.975,7.8,0.6225,19.175,6,10,1,0.0,0.0,0.0,0.0,0.0,0.0
2025-10-27,Australia,0.0,0.0,346.7525,38.975,7.8,0.6225,19.175,0,10,0,0.0,0.0,0.0,0.0,0.0,0.0
2025-10-28,Australia,0.0,0.0,346.7525,38.975,7.8,0.6225,19.175,1,10,0,0.0,0.0,0.0,0.0,0.0,0.0
2025-10-29,Australia,0.0,0.0,346.7525,38.975,7.8,0.6225,19.175,2,10,0,0.0,0.0,0.0,0.0,0.0,0.0
2025-10-30,Australia,0.0,0.0,346.7525,38.975,7.8,0.6225,19.175,3,10,0,0.0,0.0,0.0,0.0,0.0,0.0
2025-10-31,Australia,0.0,0.0,346.7525,38.975,7.8,0.6225,19.175,4,10,0,0.0,0.0,0.0,0.0,0.0,0.0
2025-11-01,Australia,63.42,1.0,342.46,43.7,11.0,1.4,26.3,5,11,1,0.0,0.0,0.0,0.0,0.0,0.0
2025-11-02,Australia,599.12,6.0,340.3016666666667,44.31666666666667,8.183333333333334,2.6483333333333334,20.533333333333335,6,11,1,63.42,0.0,0.0,21.139999999999848,9.06,4.53
2025-11-03,Australia,239.97,4.0,323.7025,40.625,17.525,0.9400000000000001,15.925,0,11,0,599.12,0.0,0.0,220.8466666666665,94.64857142857143,47.324285714285715
2025-11-04,Australia,337.42,4.0,335.73,42.425,13.4,0.9875,11.925,1,11,0,239.97,63.42,0.0,300.83666666666653,128.93,64.465
2025-11-05,Australia,463.64,3.0,343.6566666666667,40.9,19.033333333333335,1.67,17.7,2,11,0,337.42,599.12,0.0,392.16999999999985,177.13285714285712,88.56642857142856
2025-11-06,Australia,599.1,6.0,331.0133333333333,45.81666666666666,4.95,1.7416666666666665,14.116666666666665,3,11,0,463.64,239.97,0.0,347.0099999999998,243.36714285714285,121.68357142857143
2025-11-07,Australia,305.3,3.0,346.04333333333335,45.06666666666666,27.5,1.7666666666666666,18.866666666666667,4,11,0,599.1,337.42,0.0,466.7199999999998,328.95285714285717,164.47642857142858
2025-11-08,Australia,239.52,3.0,341.4166666666667,42.13333333333333,21.3,1.1833333333333333,17.233333333333334,5,11,1,305.3,463.64,63.42,456.01333333333315,372.5671428571428,186.2835714285714
2025-11-09,Australia,876.22,9.0,340.9377777777778,44.144444444444446,13.055555555555555,1.511111111111111,19.655555555555555,6,11,1,239.52,599.1,599.12,381.30666666666656,397.72428571428566,203.39214285714283
2025-11-10,Australia,889.5799999999999,4.0,339.15,44.575,19.125,2.175,21.4,0,11,0,876.22,305.3,239.97,473.67999999999984,437.31,265.9792857142857
2025-11-11,Australia,651.47,3.0,346.97333333333336,42.46666666666667,8.799999999999999,1.0866666666666667,23.766666666666666,1,11,0,889.5799999999999,239.52,337.42,668.4399999999999,530.1114285714286,329.5207142857143
2025-11-12,Australia,114.49000000000001,2.0,327.025,42.15,11.299999999999999,1.4849999999999999,13.3,2,11,0,651.47,876.22,463.64,805.7566666666665,574.9757142857143,376.05428571428575
2025-11-13,Australia,0.0,0.0,327.025,42.15,11.299999999999999,1.4849999999999999,13.3,3,11,0,114.49000000000001,889.5799999999999,599.1,551.8466666666665,525.0971428571428,384.23214285714283
2025-11-14,Australia,131.13,2.0,325.38,45.3,13.4,2.025,13.5,4,11,0,0.0,651.47,305.3,255.31999999999985,439.51142857142855,384.23214285714283
2025-11-15,Australia,370.4,2.0,354.79999999999995,42.599999999999994,13.75,1.4049999999999998,20.75,5,11,1,131.13,114.49000000000001,239.52,81.87333333333318,414.63000000000005,393.59857142857146
2025-11-16,Australia,2237.9500000000003,3.0,390.67,41.36666666666667,4.666666666666667,0.8466666666666667,9.166666666666666,6,11,1,370.4,0.0,876.22,167.1766666666665,433.32714285714286,415.5257142857143
2025-11-17,Australia,79.32,1.0,311.9,42.7,9.4,1.95,22.4,0,11,0,2237.9500000000003,131.13,889.5799999999999,913.1599999999999,627.86,532.585
2025-11-18,Australia,185.05,5.0,329.716,44.480000000000004,17.82,1.068,16.04,1,11,0,79.32,370.4,651.47,895.89,512.1085714285715,521.11
2025-11-19,Australia,405.25,2.0,337.20000000000005,40.25,23.3,2.09,31.65,2,11,0,185.05,2237.9500000000003,114.49000000000001,834.1066666666667,445.47714285714295,510.2264285714286
2025-11-20,Australia,2020.8999999999999,8.0,339.43875,43.5625,14.725,1.4949999999999999,11.425,3,11,0,405.25,79.32,0.0,223.2066666666665,487.0142857142858,506.0557142857143
2025-11-21,Australia,528.29,3.0,331.06666666666666,48.03333333333333,30.633333333333336,0.7533333333333334,22.0,4,11,0,2020.8999999999999,185.05,131.13,870.3999999999997,775.7142857142857,607.6128571428571
2025-11-22,Australia,145.97,2.0,333.225,43.95,56.800000000000004,0.21500000000000002,6.15,5,11,1,528.29,405.25,370.4,984.8133333333332,832.4514285714286,623.5407142857144
2025-11-23,Australia,565.4,6.0,332.435,43.75,24.3,0.41333333333333333,18.316666666666666,6,11,1,145.97,2020.8999999999999,2237.9500000000003,898.3866666666664,800.3900000000001,616.8585714285715
2025-11-24,Australia,925.53,7.0,342.3157142857143,45.51428571428572,12.6,1.3542857142857143,17.8,0,11,0,565.4,528.29,79.32,413.2199999999998,561.4542857142857,594.657142857143
2025-11-25,Australia,1521.8100000000002,6.0,351.16499999999996,43.75,10.666666666666666,1.545,12.233333333333334,1,11,0,925.53,145.97,185.05,545.6333333333332,682.3414285714285,597.225
2025-11-26,Australia,459.46000000000004,3.0,340.6166666666667,41.06666666666666,17.333333333333332,2.46,19.066666666666666,2,11,0,1521.8100000000002,565.4,405.25,1004.2466666666666,873.3071428571428,659.3921428571429
2025-11-27,Australia,338.09,3.0,348.41,47.4,6.866666666666667,1.1233333333333333,8.9,3,11,0,459.46000000000004,925.53,2020.8999999999999,968.933333333333,881.0514285714286,684.0328571428572
2025-11-28,Australia,212.88,3.0,333.86333333333334,42.93333333333334,24.166666666666668,1.0066666666666666,27.96666666666667,4,11,0,338.09,1521.8100000000002,528.29,773.1199999999999,640.65,708.1821428571429
2025-11-29,Australia,1022.39,5.0,353.63,44.72,18.919999999999998,1.5139999999999998,17.860000000000003,5,11,1,212.88,459.46000000000004,145.97,336.8099999999998,595.5914285714287,714.0214285714286
2025-11-30,Australia,451.33000000000004,4.0,323.7825,44.975,16.975,0.8700000000000001,9.8,6,11,1,1022.39,338.09,565.4,524.453333333333,720.7942857142858,760.5921428571428
2025-12-01,Australia,333.69,2.0,351.395,46.7,7.3500000000000005,2.26,21.0,0,12,0,451.33000000000004,212.88,925.53,562.1999999999998,704.4985714285714,632.9764285714285
2025-12-02,Australia,574.96,6.0,343.7866666666667,41.5,38.16666666666667,1.2766666666666666,15.916666666666666,1,12,0,333.69,1022.39,1521.8100000000002,602.4699999999997,619.9499999999999,651.1457142857142
2025-12-03,Australia,1376.72,7.0,343.5228571428571,45.728571428571435,15.900000000000002,0.6385714285714286,11.757142857142856,2,12,0,574.96,451.33000000000004,459.46000000000004,453.3266666666664,484.6857142857143,678.9964285714286
2025-12-04,Australia,68.52,4.0,329.8375,42.925,15.174999999999999,2.165,17.425,3,12,0,1376.72,333.69,338.09,761.7899999999998,615.722857142857,748.3871428571429
2025-12-05,Australia,142.54,4.0,338.4175,42.325,19.5,1.7925,26.35,4,12,0,68.52,574.96,212.88,673.3999999999997,577.2128571428572,608.9314285714287
2025-12-06,Australia,155.22,5.0,339.304,40.839999999999996,19.76,2.138,18.82,5,12,1,142.54,1376.72,1022.39,529.2599999999996,567.1642857142857,581.3778571428571
2025-12-07,Australia,620.75,7.0,332.5957142857143,39.371428571428574,13.614285714285716,3.2057142857142855,21.542857142857144,6,12,1,155.22,68.52,451.33000000000004,122.09333333333302,443.2828571428572,582.0385714285715
2025-12-08,Australia,552.09,5.0,346.192,43.54,26.639999999999997,1.7060000000000002,24.46,0,12,0,620.75,142.54,333.69,306.1699999999997,467.4857142857142,585.9921428571428
2025-12-09,Australia,475.41,4.0,336.18,40.575,15.175,0.9325000000000001,20.0,1,12,0,552.09,155.22,574.96,442.6866666666663,498.68571428571425,559.3178571428572
2025-12-10,Australia,119.62,3.0,335.48,41.833333333333336,11.266666666666666,1.2666666666666666,14.4,2,12,0,475.41,620.75,1376.72,549.4166666666664,484.4642857142858,484.57499999999993
2025-12-11,Australia,249.28,3.0,332.25333333333333,42.6,7.2,1.0033333333333332,20.866666666666667,3,12,0,119.62,552.09,68.52,382.37333333333305,304.87857142857143,460.30071428571426
2025-12-12,Australia,348.65,3.0,340.47,41.199999999999996,9.4,0.84,17.733333333333334,4,12,0,249.28,475.41,142.54,281.4366666666664,330.70142857142855,453.9571428571429
2025-12-13,Australia,1267.98,9.0,340.7811111111111,42.68888888888889,11.433333333333334,1.021111111111111,23.044444444444444,5,12,1,348.65,119.62,155.22,239.18333333333302,360.1457142857143,463.65500000000003
2025-12-14,Australia,1745.98,6.0,351.2483333333333,43.01666666666667,20.566666666666666,1.1083333333333332,23.400000000000002,6,12,1,1267.98,249.28,620.75,621.9699999999997,519.1114285714285,481.19714285714286
2025-12-15,Australia,703.5799999999999,7.0,343.2257142857143,42.114285714285714,17.885714285714286,1.8114285714285714,21.071428571428573,0,12,0,1745.98,348.65,552.09,1120.8699999999997,679.8585714285715,573.6721428571428
2025-12-16,Australia,154.48,4.0,326.3325,44.075,5.075,1.59,11.925,1,12,0,703.5799999999999,1267.98,475.41,1239.1799999999996,701.5,600.092857142857
2025-12-17,Australia,57.56,2.0,334.47,40.55,12.549999999999999,0.655,15.15,2,12,0,154.48,1745.98,119.62,868.0133333333329,655.6528571428571,570.0585714285714
2025-12-18,Australia,1434.97,3.0,377.2266666666667,44.13333333333333,9.533333333333333,1.1333333333333333,10.9,3,12,0,57.56,703.5799999999999,249.28,305.20666666666625,646.7871428571428,475.8328571428571
2025-12-19,Australia,238.95,2.0,344.265,41.65,19.75,1.32,13.3,4,12,0,1434.97,154.48,348.65,549.003333333333,816.1714285714286,573.4364285714286
2025-12-20,Australia,1073.6399999999999,5.0,341.188,45.14,17.880000000000003,2.2760000000000002,17.4,5,12,1,238.95,57.56,1267.98,577.1599999999996,800.4999999999999,580.3228571428571
2025-12-21,Australia,681.5,4.0,357.6975,42.65,17.875,2.9075,18.05,6,12,1,1073.6399999999999,1434.97,1745.98,915.8533333333329,772.7371428571429,645.9242857142857
2025-12-22,Australia,138.69,2.0,332.29499999999996,43.900000000000006,12.3,0.405,16.200000000000003,0,12,0,681.5,238.95,703.5799999999999,664.6966666666663,620.6685714285715,650.2635714285715
2025-12-23,Australia,582.4200000000001,5.0,341.548,40.160000000000004,8.66,1.6620000000000001,11.1,1,12,0,138.69,1073.6399999999999,154.48,631.2766666666663,539.97,620.7349999999999
2025-12-24,Australia,654.93,7.0,333.88142857142856,42.01428571428571,19.942857142857143,1.2842857142857143,20.385714285714283,2,12,0,582.4200000000001,681.5,57.56,467.53666666666635,601.1042857142857,628.3785714285714
2025-12-25,Australia,572.83,3.0,345.26,42.23333333333333,5.333333333333333,1.8133333333333332,28.433333333333334,3,12,0,654.93,138.69,1434.97,458.67999999999967,686.4428571428571,666.6149999999999
2025-12-26,Australia,710.06,3.0,337.6033333333333,44.5,35.4,1.1833333333333333,17.900000000000002,4,12,0,572.83,582.4200000000001,238.95,603.393333333333,563.28,689.7257142857143
2025-12-27,Australia,367.37,5.0,324.256,41.22,22.28,0.708,21.46,5,12,1,710.06,654.93,1073.6399999999999,645.9399999999996,630.5814285714285,715.5407142857142
2025-12-28,Australia,711.2900000000001,3.0,353.1333333333334,45.56666666666666,31.233333333333334,0.7133333333333334,10.9,6,12,1,367.37,572.83,681.5,550.0866666666662,529.6857142857143,651.2114285714285
2025-12-29,Australia,1327.8700000000001,7.0,345.2742857142857,41.68571428571429,27.41428571428571,1.2242857142857144,22.042857142857144,0,12,0,711.2900000000001,710.06,138.69,596.2399999999997,533.9414285714286,577.3050000000001
2025-12-30,Australia,817.68,8.0,340.0425,41.9375,25.8375,0.85625,25.9625,1,12,0,1327.8700000000001,367.37,582.4200000000001,802.1766666666663,703.8242857142858,621.8971428571429
2025-12-31,Australia,2440.17,5.0,376.674,41.96,9.08,0.842,22.52,2,12,0,817.68,711.2900000000001,654.93,952.2799999999997,737.4328571428571,669.2685714285715
